Symbol,Time
IWM,2023-06-11T07:42:49.020718Z
SPY,2023-06-11T07:40:12.155390Z
QQQ,2023-06-11T07:37:24.219285Z
M2K,2023-06-11T07:35:06.971157Z
MES,2023-06-11T07:31:12.936723Z
MNQ,2023-06-11T07:27:25.180126Z
MNQ,2023-06-11T07:24:13.393072Z
IWM,2023-06-11T07:19:34.923158Z
SPY,2023-06-11T07:16:58.866859Z
QQQ,2023-06-11T07:14:11.032401Z
M2K,2023-06-11T07:11:53.915497Z
MES,2023-06-11T07:08:04.751953Z
MNQ,2023-06-11T07:04:12.104906Z
QQQ,2023-06-11T06:57:30.684128Z
M2K,2023-06-11T06:55:31.461344Z
MES,2023-06-11T06:52:42.336270Z
MNQ,2023-06-11T06:49:49.811264Z
IWM,2023-06-09T05:17:08.628352Z
SPY,2023-06-09T05:16:44.783022Z
QQQ,2023-06-09T05:16:02.747405Z
M2K,2023-06-09T05:15:15.133826Z
MES,2023-06-09T05:14:03.523413Z
MNQ,2023-06-09T05:12:58.955507Z
IWM,2023-06-09T05:00:55.521580Z
SPY,2023-06-09T05:00:37.894959Z
QQQ,2023-06-09T04:59:44.128050Z
M2K,2023-06-09T04:58:56.546490Z
MES,2023-06-09T04:57:44.472522Z
MNQ,2023-06-09T04:56:38.907050Z
IWM,2023-06-08T04:52:08.789630Z
SPY,2023-06-08T04:51:32.622033Z
QQQ,2023-06-08T04:50:57.302517Z
M2K,2023-06-08T04:50:09.365138Z
MES,2023-06-08T04:49:03.437200Z
MNQ,2023-06-08T04:48:00.658570Z
IWM,2023-06-07T01:49:13.897030Z
SPY,2023-06-07T01:47:44.141018Z
QQQ,2023-06-07T01:46:31.910312Z
M2K,2023-06-07T01:45:26.725988Z
MES,2023-06-07T01:43:26.838574Z
MNQ,2023-06-07T01:41:26.656270Z
IWM,2023-06-04T05:14:59.792535Z
SPY,2023-06-04T05:13:00.058940Z
QQQ,2023-06-04T05:11:05.754547Z
M2K,2023-06-04T05:09:06.438432Z
MES,2023-06-04T05:06:12.348048Z
MNQ,2023-06-04T05:03:24.741469Z
IWM,2023-06-02T06:41:18.900331Z
SPY,2023-06-02T06:40:54.879183Z
QQQ,2023-06-02T06:40:06.805887Z
M2K,2023-06-02T06:39:19.275418Z
MES,2023-06-02T06:38:07.347901Z
MNQ,2023-06-02T06:37:01.168554Z
IWM,2023-06-01T05:16:45.402861Z
SPY,2023-06-01T05:16:21.862318Z
QQQ,2023-06-01T05:15:39.685798Z
M2K,2023-06-01T05:14:51.792427Z
MES,2023-06-01T05:13:40.950364Z
MNQ,2023-06-01T05:12:39.936038Z
IWM,2023-05-31T05:08:27.085050Z
SPY,2023-05-31T05:08:09.563308Z
QQQ,2023-05-31T05:07:16.420065Z
M2K,2023-05-31T05:06:28.060328Z
MES,2023-05-31T05:05:16.076381Z
IWM,2023-05-30T05:22:28.125437Z
SPY,2023-05-30T05:21:40.312354Z
QQQ,2023-05-30T05:21:04.247385Z
M2K,2023-05-30T05:20:28.753824Z
MES,2023-05-30T05:19:28.897433Z
MNQ,2023-05-30T05:18:34.833950Z
IWM,2023-05-27T03:22:27.531838Z
SPY,2023-05-27T03:21:16.097041Z
QQQ,2023-05-27T03:19:57.752798Z
M2K,2023-05-27T03:18:28.245554Z
MES,2023-05-27T03:16:34.403004Z
MNQ,2023-05-27T03:14:46.611670Z
IWM,2023-05-26T04:47:00.935339Z
SPY,2023-05-26T04:46:18.912754Z
QQQ,2023-05-26T04:45:49.102858Z
M2K,2023-05-26T04:45:01.355056Z
MES,2023-05-26T04:43:55.504687Z
MNQ,2023-05-26T04:42:50.102777Z
IWM,2023-05-25T04:43:49.364674Z
SPY,2023-05-25T04:43:13.552749Z
QQQ,2023-05-25T04:42:37.733898Z
M2K,2023-05-25T04:41:49.973050Z
MES,2023-05-25T04:40:43.964082Z
MNQ,2023-05-25T04:39:38.076247Z
IWM,2023-05-24T02:29:44.486846Z
SPY,2023-05-24T02:28:20.860802Z
QQQ,2023-05-24T02:27:08.836176Z
M2K,2023-05-24T02:26:03.294980Z
MES,2023-05-24T02:24:03.397125Z
MNQ,2023-05-24T02:22:04.284664Z
IWM,2023-05-20T20:30:34.070998Z
SPY,2023-05-20T20:28:34.389897Z
QQQ,2023-05-20T20:26:40.289835Z
M2K,2023-05-20T20:24:40.661088Z
MES,2023-05-20T20:21:46.746605Z
MNQ,2023-05-20T20:19:04.320684Z
IWM,2023-05-19T00:17:22.993988Z
SPY,2023-05-19T00:16:28.958571Z
QQQ,2023-05-19T00:15:46.811858Z
M2K,2023-05-19T00:15:23.401024Z
MES,2023-05-19T00:14:23.207297Z
MNQ,2023-05-19T00:13:29.408727Z
IWM,2023-05-18T04:32:14.962599Z
SPY,2023-05-18T04:31:39.335968Z
QQQ,2023-05-18T04:31:03.294764Z
M2K,2023-05-18T04:30:15.536186Z
MES,2023-05-18T04:29:09.487855Z
MNQ,2023-05-18T04:28:09.692974Z
IWM,2023-05-17T03:43:04.533333Z
SPY,2023-05-17T03:42:22.267841Z
QQQ,2023-05-17T03:41:58.758093Z
M2K,2023-05-17T03:41:04.838571Z
MES,2023-05-17T03:39:59.017171Z
MNQ,2023-05-17T03:39:05.002192Z
IWM,2023-05-16T04:41:45.724717Z
SPY,2023-05-16T04:41:03.651425Z
QQQ,2023-05-16T04:40:34.084847Z
M2K,2023-05-16T04:39:46.347530Z
MES,2023-05-16T04:38:40.177775Z
MNQ,2023-05-16T04:37:34.808048Z
IWM,2023-05-13T02:14:09.858289Z
SPY,2023-05-13T02:12:09.953487Z
QQQ,2023-05-13T02:10:15.837698Z
M2K,2023-05-13T02:08:16.491047Z
MES,2023-05-13T02:05:25.095248Z
MNQ,2023-05-13T02:02:34.428234Z
MNQ,2023-05-13T01:59:08.049343Z
IWM,2023-05-11T04:44:57.596822Z
SPY,2023-05-11T04:44:15.787298Z
QQQ,2023-05-11T04:43:46.234075Z
M2K,2023-05-11T04:42:58.196812Z
MES,2023-05-11T04:41:52.821897Z
MNQ,2023-05-11T04:40:46.577699Z
IWM,2023-05-10T04:07:59.173748Z
SPY,2023-05-10T04:07:18.027034Z
QQQ,2023-05-10T04:06:48.473856Z
M2K,2023-05-10T04:06:23.343039Z
MES,2023-05-10T04:03:08.783522Z
MNQ,2023-05-10T04:02:09.317843Z
IWM,2023-05-09T00:22:46.584299Z
SPY,2023-05-09T00:21:52.894111Z
QQQ,2023-05-09T00:21:04.962995Z
M2K,2023-05-09T00:20:47.252887Z
MES,2023-05-09T00:19:47.189329Z
MNQ,2023-05-09T00:18:53.377580Z
IWM,2023-05-06T05:40:09.390662Z
SPY,2023-05-06T05:38:57.694772Z
QQQ,2023-05-06T05:37:39.494573Z
M2K,2023-05-06T05:36:15.121729Z
MES,2023-05-06T05:34:15.686377Z
MNQ,2023-05-06T05:32:28.115375Z
IWM,2023-05-05T03:05:21.792924Z
SPY,2023-05-05T03:04:33.637840Z
QQQ,2023-05-05T03:04:15.661358Z
M2K,2023-05-05T03:03:22.278824Z
MES,2023-05-05T03:02:16.208710Z
MNQ,2023-05-05T03:01:22.117498Z
IWM,2023-05-04T05:02:55.590841Z
SPY,2023-05-04T05:01:31.478375Z
QQQ,2023-05-04T05:00:07.827084Z
M2K,2023-05-04T04:59:02.410301Z
MES,2023-05-04T04:56:56.756109Z
MNQ,2023-05-04T04:54:57.100103Z
IWM,2023-05-02T05:40:40.095806Z
SPY,2023-05-02T05:40:22.211997Z
QQQ,2023-05-02T05:39:28.684512Z
M2K,2023-05-02T05:38:41.221468Z
MES,2023-05-02T05:37:29.281862Z
MNQ,2023-05-02T05:36:23.657444Z
IWM,2023-04-29T00:52:29.089406Z
SPY,2023-04-29T00:51:17.550697Z
QQQ,2023-04-29T00:49:59.239083Z
M2K,2023-04-29T00:48:29.705164Z
MES,2023-04-29T00:46:35.684980Z
MNQ,2023-04-29T00:44:47.929217Z
IWM,2023-04-28T05:29:44.654405Z
SPY,2023-04-28T05:29:20.476578Z
QQQ,2023-04-28T05:28:38.811675Z
M2K,2023-04-28T05:27:51.332850Z
MES,2023-04-28T05:26:39.337231Z
MNQ,2023-04-28T05:25:33.602608Z
IWM,2023-04-27T04:03:07.713062Z
SPY,2023-04-27T04:02:25.810016Z
QQQ,2023-04-27T04:02:02.158233Z
M2K,2023-04-27T04:01:14.157182Z
MES,2023-04-27T04:00:08.076933Z
MNQ,2023-04-27T03:59:09.841245Z
IWM,2023-04-26T00:25:29.637628Z
SPY,2023-04-26T00:24:35.816992Z
QQQ,2023-04-26T00:23:47.912620Z
M2K,2023-04-26T00:23:30.078857Z
MES,2023-04-26T00:22:30.094366Z
MNQ,2023-04-26T00:21:36.114845Z
IWM,2023-04-25T02:30:43.067785Z
SPY,2023-04-25T02:30:00.855176Z
QQQ,2023-04-25T02:29:42.816243Z
M2K,2023-04-25T02:28:49.203401Z
MES,2023-04-25T02:27:43.704840Z
MNQ,2023-04-25T02:26:43.650815Z
IWM,2023-04-22T04:56:40.767443Z
SPY,2023-04-22T04:55:29.173265Z
QQQ,2023-04-22T04:54:10.934790Z
M2K,2023-04-22T04:52:41.092406Z
MES,2023-04-22T04:50:47.338867Z
MNQ,2023-04-22T04:49:04.961798Z
IWM,2023-04-21T02:29:14.968600Z
SPY,2023-04-21T02:28:26.823932Z
QQQ,2023-04-21T02:28:03.056540Z
M2K,2023-04-21T02:27:21.056847Z
MES,2023-04-21T02:26:15.750421Z
MNQ,2023-04-21T02:25:21.040674Z
IWM,2023-04-20T00:04:48.821154Z
SPY,2023-04-20T00:03:55.205735Z
QQQ,2023-04-20T00:03:07.085024Z
M2K,2023-04-20T00:02:49.337766Z
MES,2023-04-20T00:01:49.275405Z
MNQ,2023-04-20T00:00:45.583003Z
IWM,2023-04-19T01:05:36.134180Z
SPY,2023-04-19T01:04:49.224801Z
QQQ,2023-04-19T01:04:06.125472Z
M2K,2023-04-19T01:03:36.708394Z
MES,2023-04-19T01:02:36.428875Z
MNQ,2023-04-19T01:01:36.872619Z
IWM,2023-04-18T00:08:45.006448Z
SPY,2023-04-18T00:07:50.878383Z
QQQ,2023-04-18T00:07:02.990455Z
M2K,2023-04-18T00:06:45.536608Z
MES,2023-04-18T00:05:45.220622Z
MNQ,2023-04-18T00:04:45.908901Z
IWM,2023-04-15T00:10:17.971216Z
SPY,2023-04-15T00:09:06.703721Z
QQQ,2023-04-15T00:07:47.772258Z
M2K,2023-04-15T00:06:18.608495Z
MES,2023-04-15T00:04:24.555071Z
MNQ,2023-04-15T00:02:42.090701Z
IWM,2023-04-14T01:03:02.834010Z
SPY,2023-04-14T01:02:20.996641Z
QQQ,2023-04-14T01:01:32.808250Z
M2K,2023-04-14T01:01:15.027896Z
MES,2023-04-14T01:00:15.019918Z
MNQ,2023-04-14T00:59:50.607517Z
IWM,2023-04-13T01:10:37.805837Z
SPY,2023-04-13T01:09:49.557484Z
QQQ,2023-04-13T01:09:13.489090Z
M2K,2023-04-13T01:08:38.118004Z
MES,2023-04-13T01:07:38.333891Z
MNQ,2023-04-13T01:06:38.457618Z
IWM,2023-04-12T03:27:16.673430Z
SPY,2023-04-12T03:26:28.928Z
QQQ,2023-04-12T03:26:10.913248Z
M2K,2023-04-12T03:25:17.225720Z
MES,2023-04-12T03:24:11.666763Z
MNQ,2023-04-12T03:23:17.248790Z
IWM,2023-04-11T02:27:44.119254Z
SPY,2023-04-11T02:26:56.157719Z
QQQ,2023-04-11T02:26:32.163658Z
M2K,2023-04-11T02:25:50.474565Z
MES,2023-04-11T02:24:44.630022Z
MNQ,2023-04-11T02:23:50.658054Z
IWM,2023-04-08T00:11:17.423328Z
SPY,2023-04-08T00:10:05.767875Z
QQQ,2023-04-08T00:08:53.637143Z
M2K,2023-04-08T00:07:24.231710Z
MES,2023-04-08T00:06:06.069925Z
MNQ,2023-04-08T00:04:23.918665Z
IWM,2023-04-07T02:25:41.663448Z
SPY,2023-04-07T02:24:11.755950Z
QQQ,2023-04-07T02:22:53.889255Z
M2K,2023-04-07T02:21:42.009705Z
MES,2023-04-07T02:20:41.956755Z
MNQ,2023-04-07T02:20:17.185288Z
IWM,2023-04-06T01:07:23.837645Z
SPY,2023-04-06T01:06:36.062063Z
QQQ,2023-04-06T01:05:54.052877Z
M2K,2023-04-06T01:05:24.756546Z
MES,2023-04-06T01:04:24.385008Z
MNQ,2023-04-06T01:03:30.220067Z
IWM,2023-04-05T06:03:27.310925Z
SPY,2023-04-05T06:03:09.699128Z
QQQ,2023-04-05T06:02:15.733047Z
M2K,2023-04-05T06:01:27.788304Z
MES,2023-04-05T06:00:15.869083Z
MNQ,2023-04-05T05:59:15.881731Z
IWM,2023-04-04T00:55:53.046816Z
SPY,2023-04-04T00:54:59.303990Z
QQQ,2023-04-04T00:54:17.248661Z
M2K,2023-04-04T00:53:53.699925Z
MES,2023-04-04T00:52:53.853518Z
MNQ,2023-04-04T00:51:53.949293Z
IWM,2023-04-01T02:10:32.755748Z
SPY,2023-04-01T02:09:20.789222Z
QQQ,2023-04-01T02:08:02.528315Z
M2K,2023-04-01T02:06:33.174736Z
MES,2023-04-01T02:04:39.372027Z
MNQ,2023-04-01T02:02:56.920455Z
IWM,2023-03-31T03:26:16.283253Z
SPY,2023-03-31T03:25:28.645443Z
QQQ,2023-03-31T03:24:58.427258Z
M2K,2023-03-31T03:24:16.686633Z
MES,2023-03-31T03:23:16.580781Z
MNQ,2023-03-31T03:22:53.231299Z
IWM,2023-03-30T00:48:38.433887Z
SPY,2023-03-30T00:47:44.651396Z
QQQ,2023-03-30T00:47:02.863744Z
M2K,2023-03-30T00:46:38.969933Z
MES,2023-03-30T00:45:38.984502Z
MNQ,2023-03-30T00:44:39.734239Z
IWM,2023-03-29T00:43:50.582859Z
SPY,2023-03-29T00:42:56.776443Z
QQQ,2023-03-29T00:42:08.489226Z
M2K,2023-03-29T00:41:51.090108Z
MES,2023-03-29T00:40:50.793921Z
MNQ,2023-03-29T00:40:20.752364Z
IWM,2023-03-28T01:50:20.444999Z
SPY,2023-03-28T01:49:32.586690Z
QQQ,2023-03-28T01:48:50.644727Z
M2K,2023-03-28T01:48:21.416074Z
MES,2023-03-28T01:47:21.141794Z
MNQ,2023-03-28T01:46:21.457748Z
IWM,2023-03-26T02:32:47.639639Z
SPY,2023-03-26T02:30:53.547594Z
QQQ,2023-03-26T02:28:54.030401Z
M2K,2023-03-26T02:26:54.575031Z
MES,2023-03-26T02:24:06.685606Z
MNQ,2023-03-26T02:22:34.573711Z
IWM,2023-03-24T01:14:44.955632Z
SPY,2023-03-24T01:13:51.411851Z
QQQ,2023-03-24T01:13:09.083702Z
M2K,2023-03-24T01:12:45.445437Z
MES,2023-03-24T01:11:45.728908Z
MNQ,2023-03-24T01:11:18.718596Z
IWM,2023-03-23T04:56:14.993305Z
SPY,2023-03-23T04:55:50.769660Z
QQQ,2023-03-23T04:55:03.346973Z
M2K,2023-03-23T04:54:21.546587Z
MES,2023-03-23T04:53:09.294913Z
MNQ,2023-03-23T04:52:03.961016Z
IWM,2023-03-22T01:22:38.683304Z
SPY,2023-03-22T01:21:50.537990Z
QQQ,2023-03-22T01:21:08.577530Z
M2K,2023-03-22T01:20:39.103212Z
MES,2023-03-22T01:19:38.987194Z
MNQ,2023-03-22T01:18:39.304728Z
IWM,2023-03-21T00:05:05.103926Z
SPY,2023-03-21T00:04:11.349400Z
QQQ,2023-03-21T00:03:23.359032Z
M2K,2023-03-21T00:03:05.664901Z
MES,2023-03-21T00:02:05.631716Z
MNQ,2023-03-21T00:01:11.516564Z
IWM,2023-03-18T02:16:55.916525Z
SPY,2023-03-18T02:15:44.109984Z
QQQ,2023-03-18T02:14:37.896317Z
M2K,2023-03-18T02:12:56.335961Z
MES,2023-03-18T02:11:08.398802Z
MNQ,2023-03-18T02:10:33.571491Z
IWM,2023-03-17T02:15:19.559587Z
SPY,2023-03-17T02:14:31.233324Z
QQQ,2023-03-17T02:14:07.389518Z
M2K,2023-03-17T02:13:25.612174Z
MES,2023-03-17T02:12:19.733429Z
MNQ,2023-03-17T02:11:25.388236Z
IWM,2023-03-16T02:25:30.724160Z
SPY,2023-03-16T02:24:42.668069Z
QQQ,2023-03-16T02:24:12.920908Z
M2K,2023-03-16T02:23:31.097084Z
MES,2023-03-16T02:22:25.279324Z
MNQ,2023-03-16T02:21:25.598134Z
IWM,2023-03-15T03:10:17.765753Z
SPY,2023-03-15T03:09:41.919972Z
QQQ,2023-03-15T03:09:05.942478Z
M2K,2023-03-15T03:08:18.013210Z
MES,2023-03-15T03:07:12.258955Z
MNQ,2023-03-15T03:06:06.437878Z
IWM,2023-03-14T01:54:26.735589Z
SPY,2023-03-14T01:53:38.484521Z
QQQ,2023-03-14T01:52:56.573936Z
M2K,2023-03-14T01:52:26.863001Z
MES,2023-03-14T01:51:27.395834Z
MNQ,2023-03-14T01:50:27.414936Z
IWM,2023-03-11T03:35:37.359610Z
SPY,2023-03-11T03:34:26.355536Z
QQQ,2023-03-11T03:33:07.479771Z
M2K,2023-03-11T03:31:37.968103Z
MES,2023-03-11T03:29:43.650754Z
MNQ,2023-03-11T03:28:01.500300Z
IWM,2023-03-10T07:07:55.699355Z
SPY,2023-03-10T07:07:13.814501Z
QQQ,2023-03-10T07:06:44.095672Z
M2K,2023-03-10T07:05:56.294213Z
MES,2023-03-10T07:04:44.468500Z
MNQ,2023-03-10T07:04:20.232258Z
IWM,2023-03-09T00:26:20.970373Z
SPY,2023-03-09T00:25:09.617530Z
QQQ,2023-03-09T00:23:57.681326Z
M2K,2023-03-09T00:22:45.141600Z
MES,2023-03-09T00:21:45.173016Z
MNQ,2023-03-09T00:20:53.494869Z
IWM,2023-03-08T03:01:53.059527Z
SPY,2023-03-08T03:01:04.812021Z
QQQ,2023-03-08T03:00:40.697341Z
M2K,2023-03-08T02:59:53.301618Z
MES,2023-03-08T02:58:53.269916Z
MNQ,2023-03-08T02:57:59.012095Z
SPY,2023-03-08T02:52:28.555745Z
QQQ,2023-03-08T02:51:46.664619Z
M2K,2023-03-08T02:51:17.256970Z
MES,2023-03-08T02:50:17.356845Z
MNQ,2023-03-08T02:49:17.331540Z
IWM,2023-03-07T02:34:35.760020Z
SPY,2023-03-07T02:33:47.665084Z
QQQ,2023-03-07T02:33:17.116392Z
M2K,2023-03-07T02:32:36.259470Z
MES,2023-03-07T02:31:35.892399Z
MNQ,2023-03-07T02:30:41.166009Z
IWM,2023-03-04T03:09:32.750741Z
SPY,2023-03-04T03:08:20.760804Z
QQQ,2023-03-04T03:07:02.940086Z
M2K,2023-03-04T03:05:33.008487Z
MES,2023-03-04T03:03:38.965627Z
MNQ,2023-03-04T03:01:56.691379Z
IWM,2023-03-03T07:09:38.919770Z
SPY,2023-03-03T07:09:15.063154Z
QQQ,2023-03-03T07:08:26.969432Z
M2K,2023-03-03T07:07:39.455959Z
MES,2023-03-03T07:06:27.803687Z
MNQ,2023-03-03T07:05:21.637854Z
IWM,2023-03-02T02:46:51.773436Z
SPY,2023-03-02T02:46:03.924555Z
QQQ,2023-03-02T02:45:22.411709Z
M2K,2023-03-02T02:44:52.377692Z
MES,2023-03-02T02:43:52.405523Z
MNQ,2023-03-02T02:42:58.091068Z
IWM,2023-03-01T04:22:37.720814Z
SPY,2023-03-01T04:21:55.932255Z
QQQ,2023-03-01T04:21:31.938491Z
M2K,2023-03-01T04:20:38.323508Z
MES,2023-03-01T04:19:32.509155Z
MNQ,2023-03-01T04:18:38.426905Z
IWM,2023-02-28T01:40:55.082597Z
SPY,2023-02-28T01:40:01.290811Z
QQQ,2023-02-28T01:39:13.333135Z
M2K,2023-02-28T01:38:55.628201Z
MES,2023-02-28T01:37:55.605390Z
MNQ,2023-02-28T01:36:56.092728Z
IWM,2023-02-25T15:58:08.055590Z
SPY,2023-02-25T15:56:08.626963Z
QQQ,2023-02-25T15:54:14.043295Z
M2K,2023-02-25T15:52:14.703128Z
MES,2023-02-25T15:49:20.904108Z
MNQ,2023-02-25T15:46:38.446949Z
IWM,2023-02-24T01:06:17.187486Z
SPY,2023-02-24T01:05:23.472250Z
QQQ,2023-02-24T01:04:35.513588Z
M2K,2023-02-24T01:04:17.763599Z
MES,2023-02-24T01:03:17.768910Z
MNQ,2023-02-24T01:02:53.287492Z
IWM,2023-02-23T01:09:20.023522Z
SPY,2023-02-23T01:08:26.193427Z
QQQ,2023-02-23T01:07:38.232685Z
M2K,2023-02-23T01:07:20.499716Z
MES,2023-02-23T01:06:20.806306Z
MNQ,2023-02-23T01:05:20.857696Z
IWM,2023-02-21T23:42:40.261922Z
SPY,2023-02-21T23:41:34.333805Z
QQQ,2023-02-21T23:40:28.744593Z
M2K,2023-02-21T23:38:58.387307Z
MES,2023-02-21T23:38:04.587311Z
MNQ,2023-02-21T23:37:24.680691Z
IWM,2023-02-21T00:58:39.658003Z
SPY,2023-02-21T00:57:33.891381Z
QQQ,2023-02-21T00:55:57.896321Z
M2K,2023-02-21T00:54:45.997541Z
MES,2023-02-21T00:53:52.013172Z
MNQ,2023-02-21T00:53:30.321970Z
IWM,2023-02-18T08:17:32.310101Z
SPY,2023-02-18T08:15:32.812283Z
QQQ,2023-02-18T08:13:43.760116Z
M2K,2023-02-18T08:11:38.853394Z
MES,2023-02-18T08:08:44.983974Z
MNQ,2023-02-18T08:06:03.011909Z
IWM,2023-02-17T01:12:00.509528Z
SPY,2023-02-17T01:11:06.702240Z
QQQ,2023-02-17T01:10:18.744362Z
M2K,2023-02-17T01:10:00.970419Z
MES,2023-02-17T01:09:01.161213Z
MNQ,2023-02-17T01:08:01.418679Z
IWM,2023-02-16T01:05:20.832287Z
SPY,2023-02-16T01:04:26.777189Z
QQQ,2023-02-16T01:03:38.825114Z
M2K,2023-02-16T01:03:21.057191Z
MES,2023-02-16T01:02:21.392478Z
MNQ,2023-02-16T01:01:27.113343Z
IWM,2023-02-15T04:54:06.979228Z
SPY,2023-02-15T04:53:19.193615Z
QQQ,2023-02-15T04:53:01.222216Z
M2K,2023-02-15T04:52:07.948576Z
MES,2023-02-15T04:51:02.252042Z
MNQ,2023-02-15T04:50:07.683738Z
IWM,2023-02-14T01:55:48.424835Z
SPY,2023-02-14T01:54:54.935504Z
QQQ,2023-02-14T01:54:06.684211Z
M2K,2023-02-14T01:53:49.100681Z
MES,2023-02-14T01:52:48.966914Z
MNQ,2023-02-14T01:51:49.392727Z
IWM,2023-02-10T23:29:34.778991Z
SPY,2023-02-10T23:28:29.055909Z
QQQ,2023-02-10T23:26:59.027758Z
M2K,2023-02-10T23:25:41.748393Z
MES,2023-02-10T23:23:47.851681Z
MNQ,2023-02-10T23:22:05.328276Z
IWM,2023-02-10T04:19:20.921963Z
SPY,2023-02-10T04:18:33.340650Z
QQQ,2023-02-10T04:18:15.145991Z
M2K,2023-02-10T04:17:21.505618Z
MES,2023-02-10T04:16:15.613062Z
MNQ,2023-02-10T04:15:21.416747Z
IWM,2023-02-09T02:43:23.725767Z
SPY,2023-02-09T02:42:35.866198Z
QQQ,2023-02-09T02:41:53.883141Z
M2K,2023-02-09T02:41:24.625852Z
MES,2023-02-09T02:40:24.220467Z
MNQ,2023-02-09T02:39:30.491724Z
IWM,2023-02-08T02:17:57.250031Z
SPY,2023-02-08T02:17:09.607723Z
QQQ,2023-02-08T02:16:33.227804Z
M2K,2023-02-08T02:15:57.971898Z
MES,2023-02-08T02:14:57.735263Z
MNQ,2023-02-08T02:13:58.020806Z
IWM,2023-02-07T06:33:59.251938Z
SPY,2023-02-07T06:33:17.278303Z
QQQ,2023-02-07T06:32:53.466720Z
M2K,2023-02-07T06:31:59.805497Z
MES,2023-02-07T06:30:54.390151Z
MNQ,2023-02-07T06:30:26.379560Z
IWM,2023-02-04T07:54:12.061556Z
SPY,2023-02-04T07:53:00.731115Z
QQQ,2023-02-04T07:51:42.513204Z
M2K,2023-02-04T07:50:12.792394Z
MES,2023-02-04T07:48:18.642602Z
MNQ,2023-02-04T07:46:36.451074Z
IWM,2023-02-03T03:37:01.198876Z
SPY,2023-02-03T03:36:13.329428Z
QQQ,2023-02-03T03:35:31.345330Z
M2K,2023-02-03T03:35:02.102736Z
MES,2023-02-03T03:34:01.737939Z
MNQ,2023-02-03T03:33:32.173958Z
IWM,2023-02-02T03:29:07.478866Z
SPY,2023-02-02T03:28:25.502308Z
QQQ,2023-02-02T03:28:07.390886Z
M2K,2023-02-02T03:27:13.806457Z
MES,2023-02-02T03:26:08.305554Z
MNQ,2023-02-02T03:25:08.451362Z
IWM,2023-02-01T03:35:42.555122Z
SPY,2023-02-01T03:34:54.641534Z
QQQ,2023-02-01T03:34:31.022017Z
M2K,2023-02-01T03:33:48.658310Z
MES,2023-02-01T03:32:42.882053Z
MNQ,2023-02-01T03:31:48.951389Z
IWM,2023-01-31T07:24:43.220479Z
SPY,2023-01-31T07:24:25.717799Z
QQQ,2023-01-31T07:23:31.780939Z
M2K,2023-01-31T07:22:49.809915Z
MES,2023-01-31T07:21:37.956483Z
MNQ,2023-01-31T07:20:26.402167Z
IWM,2023-01-29T00:42:12.743512Z
SPY,2023-01-29T00:40:13.036298Z
QQQ,2023-01-29T00:38:18.704261Z
M2K,2023-01-29T00:36:19.304176Z
MES,2023-01-29T00:33:25.620465Z
MNQ,2023-01-29T00:30:43.148579Z
IWM,2023-01-27T07:50:07.454890Z
SPY,2023-01-27T07:49:01.813587Z
QQQ,2023-01-27T07:47:37.524683Z
M2K,2023-01-27T07:46:14.313200Z
MES,2023-01-27T07:44:08.326272Z
MNQ,2023-01-27T07:42:08.641531Z
IWM,2023-01-26T00:09:50.154232Z
SPY,2023-01-26T00:08:38.372335Z
QQQ,2023-01-26T00:07:26.524805Z
M2K,2023-01-26T00:06:14.590256Z
MES,2023-01-26T00:05:14.562396Z
MNQ,2023-01-26T00:04:22.692772Z
IWM,2023-01-25T02:41:06.535304Z
SPY,2023-01-25T02:40:19.217976Z
QQQ,2023-01-25T02:39:36.673337Z
M2K,2023-01-25T02:39:07.152574Z
MES,2023-01-25T02:38:07.059929Z
MNQ,2023-01-25T02:37:13.098053Z
IWM,2023-01-24T23:26:05.027931Z
SPY,2023-01-24T23:24:59.185240Z
QQQ,2023-01-24T23:23:53.234211Z
M2K,2023-01-24T23:22:23.207618Z
MES,2023-01-24T23:21:29.206296Z
MNQ,2023-01-24T23:20:49.540805Z
IWM,2023-01-24T18:53:00.606544Z
SPY,2023-01-24T18:51:12.783785Z
QQQ,2023-01-24T18:49:24.825164Z
M2K,2023-01-24T18:48:01.515188Z
MES,2023-01-24T18:46:07.255751Z
MNQ,2023-01-24T18:44:19.607099Z
IWM,2023-01-21T21:02:04.259469Z
SPY,2023-01-21T21:00:04.550779Z
QQQ,2023-01-21T20:58:10.222973Z
M2K,2023-01-21T20:56:10.874641Z
MES,2023-01-21T20:53:16.883330Z
MNQ,2023-01-21T20:50:34.830926Z
IWM,2023-01-20T18:42:43.099584Z
SPY,2023-01-20T18:41:01.786237Z
QQQ,2023-01-20T18:39:13.446347Z
M2K,2023-01-20T18:37:38.468914Z
MES,2023-01-20T18:35:02.293180Z
MNQ,2023-01-20T18:32:15.128770Z
IWM,2023-01-19T03:27:02.931055Z
SPY,2023-01-19T03:26:14.781846Z
QQQ,2023-01-19T03:25:50.750205Z
M2K,2023-01-19T03:25:09.380651Z
MES,2023-01-19T03:24:03.207542Z
MNQ,2023-01-19T03:23:09.242790Z
IWM,2023-01-18T05:36:21.024110Z
SPY,2023-01-18T05:35:45.021239Z
QQQ,2023-01-18T05:35:09.289694Z
M2K,2023-01-18T05:34:21.543974Z
MES,2023-01-18T05:33:15.501711Z
MNQ,2023-01-18T05:32:15.756531Z
IWM,2023-01-17T09:59:24.776783Z
SPY,2023-01-17T09:58:12.798552Z
QQQ,2023-01-17T09:56:43.126815Z
M2K,2023-01-17T09:55:31.856508Z
MES,2023-01-17T09:53:26.070874Z
MNQ,2023-01-17T09:51:26.677276Z
IWM,2023-01-14T13:05:38.034896Z
SPY,2023-01-14T13:03:37.863132Z
QQQ,2023-01-14T13:01:43.659993Z
M2K,2023-01-14T12:59:44.873755Z
MES,2023-01-14T12:56:50.452714Z
MNQ,2023-01-14T12:54:02.718599Z
IWM,2023-01-13T07:13:52.729348Z
SPY,2023-01-13T07:13:29.620103Z
QQQ,2023-01-13T07:12:40.906135Z
M2K,2023-01-13T07:11:53.381364Z
MES,2023-01-13T07:10:41.406592Z
MNQ,2023-01-13T07:09:32.044213Z
IWM,2023-01-11T22:41:17.748415Z
SPY,2023-01-11T22:40:11.414205Z
QQQ,2023-01-11T22:38:53.396279Z
M2K,2023-01-11T22:37:29.403273Z
MES,2023-01-11T22:36:35.373717Z
MNQ,2023-01-11T22:36:07.561516Z
IWM,2023-01-11T01:37:40.598189Z
SPY,2023-01-11T01:36:46.864320Z
QQQ,2023-01-11T01:35:58.868911Z
M2K,2023-01-11T01:35:41.178634Z
MES,2023-01-11T01:34:41.839186Z
MNQ,2023-01-11T01:33:41.874880Z
IWM,2023-01-11T01:24:39.668519Z
SPY,2023-01-11T01:23:46.133010Z
QQQ,2023-01-11T01:23:03.908199Z
M2K,2023-01-11T01:22:40.332631Z
MES,2023-01-11T01:21:40.515371Z
MNQ,2023-01-11T01:20:41.321519Z
IWM,2022-11-12T23:28:28.307374Z
SPY,2022-11-12T23:25:12.665050Z
QQQ,2022-11-12T23:22:10.234766Z
IWM,2022-11-10T22:26:15.412685Z
SPY,2022-11-10T22:25:09.653044Z
QQQ,2022-11-10T22:23:57.283440Z
M2K,2022-11-10T22:22:33.228890Z
MES,2022-11-10T22:21:33.355642Z
MNQ,2022-11-10T22:20:50.869148Z
IWM,2022-11-09T22:26:18.945850Z
SPY,2022-11-09T22:25:13.675594Z
QQQ,2022-11-09T22:24:00.939207Z
M2K,2022-11-09T22:22:37.095435Z
MES,2022-11-09T22:21:43.023543Z
MNQ,2022-11-09T22:20:55.063562Z
IWM,2022-11-08T22:32:03.912608Z
SPY,2022-11-08T22:30:58.194495Z
QQQ,2022-11-08T22:29:39.906469Z
M2K,2022-11-08T22:28:15.746783Z
MES,2022-11-08T22:27:22.057243Z
MNQ,2022-11-08T22:26:34.147496Z
IWM,2022-11-07T22:25:20.640431Z
SPY,2022-11-07T22:24:09.041386Z
QQQ,2022-11-07T22:23:08.657338Z
M2K,2022-11-07T22:21:44.742640Z
MES,2022-11-07T22:20:56.675743Z
MNQ,2022-11-07T22:20:14.421451Z
IWM,2022-11-05T02:21:14.932349Z
SPY,2022-11-05T02:19:33.453425Z
QQQ,2022-11-05T02:18:21.039505Z
M2K,2022-11-05T02:17:15.287124Z
MES,2022-11-05T02:15:15.698889Z
MNQ,2022-11-05T02:13:26.591741Z
IWM,2022-11-03T21:26:11.814526Z
SPY,2022-11-03T21:25:06.221380Z
QQQ,2022-11-03T21:23:48.091516Z
M2K,2022-11-03T21:22:24.089415Z
MES,2022-11-03T21:21:30.176930Z
MNQ,2022-11-03T21:20:42.045053Z
IWM,2022-11-03T05:30:45.350560Z
SPY,2022-11-03T05:30:28.032889Z
QQQ,2022-11-03T05:29:33.549835Z
M2K,2022-11-03T05:28:46.100112Z
MES,2022-11-03T05:27:34.179069Z
MNQ,2022-11-03T05:26:28.521807Z
IWM,2022-11-01T22:08:08.576603Z
SPY,2022-11-01T22:07:02.802071Z
QQQ,2022-11-01T22:05:56.603805Z
M2K,2022-11-01T22:04:26.455737Z
MES,2022-11-01T22:03:32.419585Z
MNQ,2022-11-01T22:02:38.489578Z
IWM,2022-10-31T21:26:27.085447Z
SPY,2022-10-31T21:25:21.173965Z
QQQ,2022-10-31T21:24:20.890914Z
M2K,2022-10-31T21:22:44.952868Z
MES,2022-10-31T21:21:56.886256Z
MNQ,2022-10-31T21:21:17.103520Z
IWM,2022-10-28T21:29:08.915213Z
SPY,2022-10-28T21:28:08.950945Z
QQQ,2022-10-28T21:26:32.732951Z
M2K,2022-10-28T21:25:21.318978Z
MES,2022-10-28T21:23:27.226178Z
MNQ,2022-10-28T21:21:39.187027Z
IWM,2022-10-28T01:01:26.059273Z
SPY,2022-10-28T01:00:32.338856Z
QQQ,2022-10-28T00:59:50.199227Z
M2K,2022-10-28T00:59:26.534203Z
MES,2022-10-28T00:58:26.454915Z
MNQ,2022-10-28T00:57:26.331316Z
IWM,2022-10-26T21:26:14.230360Z
SPY,2022-10-26T21:25:08.453381Z
QQQ,2022-10-26T21:23:50.308491Z
M2K,2022-10-26T21:22:26.355946Z
MES,2022-10-26T21:21:32.544322Z
MNQ,2022-10-26T21:20:44.347282Z
IWM,2022-10-25T21:43:53.198891Z
SPY,2022-10-25T21:42:47.848670Z
QQQ,2022-10-25T21:41:35.414171Z
M2K,2022-10-25T21:40:11.319260Z
MES,2022-10-25T21:39:17.533767Z
MNQ,2022-10-25T21:38:29.518498Z
IWM,2022-10-25T02:35:07.036762Z
SPY,2022-10-25T02:34:25.183997Z
QQQ,2022-10-25T02:34:06.687661Z
M2K,2022-10-25T02:33:13.044191Z
MES,2022-10-25T02:32:07.462794Z
MNQ,2022-10-25T02:31:07.438723Z
IWM,2022-10-22T21:40:01.004663Z
SPY,2022-10-22T21:36:55.158240Z
QQQ,2022-10-22T21:33:49.016368Z
M2K,2022-10-22T21:30:31.764669Z
MES,2022-10-22T21:25:50.315788Z
MNQ,2022-10-22T21:21:07.682092Z
IWM,2022-10-20T02:20:03.980077Z
SPY,2022-10-20T02:19:16.169690Z
QQQ,2022-10-20T02:18:58.102919Z
M2K,2022-10-20T02:18:04.367708Z
MES,2022-10-20T02:16:58.622934Z
MNQ,2022-10-20T02:15:58.696941Z
IWM,2022-10-18T21:26:14.275877Z
SPY,2022-10-18T21:25:08.532847Z
QQQ,2022-10-18T21:23:50.342024Z
M2K,2022-10-18T21:22:26.534414Z
MES,2022-10-18T21:21:32.627709Z
MNQ,2022-10-18T21:20:46.101692Z
IWM,2022-10-18T06:36:57.724813Z
SPY,2022-10-18T06:36:34.432489Z
QQQ,2022-10-18T06:35:45.855591Z
M2K,2022-10-18T06:35:10.188431Z
MES,2022-10-18T06:33:46.460900Z
MNQ,2022-10-18T06:32:40.366845Z
IWM,2022-10-15T20:36:50.676340Z
SPY,2022-10-15T20:34:51.299053Z
QQQ,2022-10-15T20:32:50.824015Z
M2K,2022-10-15T20:30:51.328818Z
MES,2022-10-15T20:28:03.226629Z
MNQ,2022-10-15T20:25:15.663517Z
IWM,2022-10-13T21:26:12.692611Z
SPY,2022-10-13T21:25:07.364967Z
QQQ,2022-10-13T21:23:54.787836Z
M2K,2022-10-13T21:22:30.668873Z
MES,2022-10-13T21:21:34.196462Z
MNQ,2022-10-13T21:20:42.962869Z
IWM,2022-10-13T18:49:40.744815Z
SPY,2022-10-13T18:47:53.172089Z
QQQ,2022-10-13T18:46:28.781051Z
M2K,2022-10-13T18:44:34.102573Z
MES,2022-10-13T18:42:40.325831Z
MNQ,2022-10-13T18:40:52.409429Z
IWM,2022-10-11T21:26:14.463506Z
SPY,2022-10-11T21:25:08.788014Z
QQQ,2022-10-11T21:23:50.744903Z
M2K,2022-10-11T21:22:26.645470Z
MES,2022-10-11T21:21:32.976985Z
MNQ,2022-10-11T21:20:51.099220Z
IWM,2022-10-10T21:26:18.595716Z
SPY,2022-10-10T21:25:12.831027Z
QQQ,2022-10-10T21:23:54.711900Z
M2K,2022-10-10T21:22:30.752753Z
MES,2022-10-10T21:21:36.775306Z
MNQ,2022-10-10T21:20:48.734577Z
IWM,2022-10-07T22:11:43.411962Z
SPY,2022-10-07T22:10:33.428070Z
QQQ,2022-10-07T22:09:03.118157Z
M2K,2022-10-07T22:07:45.930816Z
MES,2022-10-07T22:05:51.737938Z
MNQ,2022-10-07T22:04:03.597692Z
IWM,2022-10-06T21:26:15.675453Z
SPY,2022-10-06T21:25:10.035063Z
QQQ,2022-10-06T21:24:09.724396Z
M2K,2022-10-06T21:22:33.753352Z
MES,2022-10-06T21:21:39.695853Z
MNQ,2022-10-06T21:20:45.447812Z
IWM,2022-10-05T21:26:15.856607Z
SPY,2022-10-05T21:25:10.250730Z
QQQ,2022-10-05T21:23:58.116869Z
M2K,2022-10-05T21:22:33.914682Z
MES,2022-10-05T21:21:39.899049Z
MNQ,2022-10-05T21:20:51.821763Z
IWM,2022-10-04T21:26:14.706849Z
SPY,2022-10-04T21:25:08.986736Z
QQQ,2022-10-04T21:23:50.840536Z
M2K,2022-10-04T21:22:26.918342Z
MES,2022-10-04T21:21:32.807108Z
MNQ,2022-10-04T21:20:44.802709Z
IWM,2022-10-04T11:10:06.767077Z
SPY,2022-10-04T11:08:55.098714Z
QQQ,2022-10-04T11:07:06.985449Z
M2K,2022-10-04T11:05:55.784611Z
MES,2022-10-04T11:03:19.417704Z
MNQ,2022-10-04T11:01:01.877924Z
IWM,2022-09-30T21:29:09.490611Z
SPY,2022-09-30T21:28:09.494093Z
QQQ,2022-09-30T21:26:33.320320Z
M2K,2022-09-30T21:25:21.938466Z
MES,2022-09-30T21:23:27.858789Z
MNQ,2022-09-30T21:21:39.897814Z
IWM,2022-09-30T03:26:56.634270Z
SPY,2022-09-30T03:26:08.977045Z
QQQ,2022-09-30T03:25:45.003022Z
M2K,2022-09-30T03:24:57.180696Z
MES,2022-09-30T03:23:51.112409Z
MNQ,2022-09-30T03:22:45.097932Z
IWM,2022-09-28T21:26:14.944396Z
SPY,2022-09-28T21:25:09.789666Z
QQQ,2022-09-28T21:23:57.316867Z
M2K,2022-09-28T21:22:33.154374Z
MES,2022-09-28T21:21:33.246030Z
MNQ,2022-09-28T21:20:45.253214Z
IWM,2022-09-28T00:16:21.813037Z
SPY,2022-09-28T00:15:28.159111Z
QQQ,2022-09-28T00:14:39.809055Z
M2K,2022-09-28T00:14:22.528794Z
MES,2022-09-28T00:13:22.341306Z
MNQ,2022-09-28T00:12:22.358800Z
IWM,2022-09-26T21:25:44.164190Z
SPY,2022-09-26T21:24:32.238973Z
QQQ,2022-09-26T21:23:26.295157Z
M2K,2022-09-26T21:22:20.612006Z
MES,2022-09-26T21:21:20.446898Z
MNQ,2022-09-26T21:20:26.260061Z
IWM,2022-09-26T21:19:26.497215Z
SPY,2022-09-26T21:18:20.840661Z
QQQ,2022-09-26T21:17:20.583140Z
M2K,2022-09-26T21:15:44.610768Z
MES,2022-09-26T21:14:56.553395Z
MNQ,2022-09-26T21:14:16.769077Z
IWM,2022-09-23T21:29:07.536473Z
SPY,2022-09-23T21:28:07.470054Z
QQQ,2022-09-23T21:26:31.295965Z
M2K,2022-09-23T21:25:20.030233Z
MES,2022-09-23T21:23:25.885854Z
MNQ,2022-09-23T21:21:37.692526Z
IWM,2022-09-23T00:20:22.412197Z
SPY,2022-09-23T00:19:29.043485Z
QQQ,2022-09-23T00:18:46.218032Z
M2K,2022-09-23T00:18:22.905141Z
MES,2022-09-23T00:17:22.593559Z
MNQ,2022-09-23T00:16:22.538252Z
IWM,2022-09-22T05:17:13.775803Z
SPY,2022-09-22T05:16:56.244603Z
QQQ,2022-09-22T05:16:01.738591Z
M2K,2022-09-22T05:15:20.428419Z
MES,2022-09-22T05:14:08.494040Z
MNQ,2022-09-22T05:12:56.294261Z
IWM,2022-09-20T22:58:58.985592Z
SPY,2022-09-20T22:57:53.015602Z
QQQ,2022-09-20T22:56:46.842913Z
M2K,2022-09-20T22:55:16.984835Z
MES,2022-09-20T22:54:22.815568Z
MNQ,2022-09-20T22:53:28.839860Z
IWM,2022-09-20T06:45:07.641586Z
SPY,2022-09-20T06:44:31.944676Z
QQQ,2022-09-20T06:43:55.845022Z
M2K,2022-09-20T06:43:08.144627Z
MES,2022-09-20T06:41:56.053403Z
MNQ,2022-09-20T06:41:49.446560Z
IWM,2022-09-16T22:56:17.284056Z
SPY,2022-09-16T22:55:11.609140Z
QQQ,2022-09-16T22:53:47.265886Z
M2K,2022-09-16T22:52:29.851044Z
MES,2022-09-16T22:50:35.636667Z
MNQ,2022-09-16T22:48:47.913097Z
IWM,2022-09-16T03:17:44.975558Z
SPY,2022-09-16T03:17:03.145353Z
QQQ,2022-09-16T03:16:38.864823Z
M2K,2022-09-16T03:15:51.418721Z
MES,2022-09-16T03:14:45.336369Z
MNQ,2022-09-16T03:13:41.284920Z
IWM,2022-09-14T22:07:20.894739Z
SPY,2022-09-14T22:06:09.220058Z
QQQ,2022-09-14T22:05:03.132542Z
M2K,2022-09-14T22:03:44.841406Z
MES,2022-09-14T22:02:50.795364Z
MNQ,2022-09-14T22:02:04.729116Z
IWM,2022-09-14T01:02:34.615953Z
SPY,2022-09-14T01:01:40.750783Z
QQQ,2022-09-14T01:00:52.882582Z
M2K,2022-09-14T01:00:35.287030Z
MES,2022-09-14T00:59:35.029350Z
MNQ,2022-09-14T00:58:35.017488Z
IWM,2022-09-14T00:55:45.734041Z
SPY,2022-09-14T00:54:52.248436Z
QQQ,2022-09-14T00:54:09.733174Z
M2K,2022-09-14T00:53:46.290454Z
MES,2022-09-14T00:52:46.113267Z
MNQ,2022-09-14T00:51:46.393896Z
IWM,2022-09-13T03:14:49.883593Z
SPY,2022-09-13T03:14:07.314234Z
QQQ,2022-09-13T03:13:43.284521Z
M2K,2022-09-13T03:12:55.635257Z
MES,2022-09-13T03:11:49.431268Z
MNQ,2022-09-13T03:10:48.068317Z
IWM,2022-09-10T04:45:18.036050Z
SPY,2022-09-10T04:44:06.188670Z
QQQ,2022-09-10T04:43:00.013187Z
M2K,2022-09-10T04:41:18.625004Z
MES,2022-09-10T04:39:24.650415Z
MNQ,2022-09-10T04:37:42.614645Z
IWM,2022-09-09T07:19:43.023593Z
SPY,2022-09-09T07:18:36.959158Z
QQQ,2022-09-09T07:17:30.894072Z
M2K,2022-09-09T07:15:55.271065Z
MES,2022-09-09T07:13:44.113081Z
MNQ,2022-09-09T07:11:32.036874Z
IWM,2022-09-07T23:21:45.298662Z
SPY,2022-09-07T23:20:27.900698Z
QQQ,2022-09-07T23:19:15.901521Z
M2K,2022-09-07T23:18:15.675923Z
MES,2022-09-07T23:17:15.660823Z
MNQ,2022-09-07T23:16:19.313542Z
IWM,2022-09-06T21:31:19.675923Z
SPY,2022-09-06T21:29:31.964571Z
QQQ,2022-09-06T21:28:01.705142Z
M2K,2022-09-06T21:26:02.397507Z
MES,2022-09-06T21:24:08.075908Z
MNQ,2022-09-06T21:22:26.471713Z
IWM,2022-09-02T21:29:09.502126Z
SPY,2022-09-02T21:28:09.998252Z
QQQ,2022-09-02T21:26:33.361842Z
M2K,2022-09-02T21:25:22.135435Z
MES,2022-09-02T21:23:27.866391Z
MNQ,2022-09-02T21:21:39.744732Z
IWM,2022-09-02T00:36:03.092133Z
SPY,2022-09-02T00:35:09.021872Z
QQQ,2022-09-02T00:34:26.787427Z
M2K,2022-09-02T00:34:03.672903Z
MES,2022-09-02T00:33:03.126627Z
MNQ,2022-09-02T00:32:03.419031Z
IWM,2022-08-31T21:26:15.232382Z
SPY,2022-08-31T21:25:09.352591Z
QQQ,2022-08-31T21:23:57.124959Z
M2K,2022-08-31T21:22:33.190476Z
MES,2022-08-31T21:21:33.136418Z
MNQ,2022-08-31T21:20:45.336673Z
IWM,2022-08-31T18:38:24.988892Z
SPY,2022-08-31T18:36:37.112100Z
QQQ,2022-08-31T18:35:13.058073Z
M2K,2022-08-31T18:33:19.308118Z
MES,2022-08-31T18:31:25.439704Z
MNQ,2022-08-31T18:29:37.622661Z
IWM,2022-08-30T16:57:48.286873Z
SPY,2022-08-30T16:55:54.435271Z
QQQ,2022-08-30T16:54:12.262231Z
M2K,2022-08-30T16:52:48.493612Z
MES,2022-08-30T16:50:55.375695Z
MNQ,2022-08-30T16:49:07.072605Z
IWM,2022-08-27T06:55:57.552432Z
SPY,2022-08-27T06:54:45.659800Z
QQQ,2022-08-27T06:53:27.461685Z
M2K,2022-08-27T06:51:58.366974Z
MES,2022-08-27T06:50:03.826396Z
MNQ,2022-08-27T06:48:16.160789Z
IWM,2022-08-26T00:23:31.420592Z
SPY,2022-08-26T00:22:37.302330Z
QQQ,2022-08-26T00:21:49.323178Z
M2K,2022-08-26T00:21:31.767091Z
MES,2022-08-26T00:20:31.430318Z
MNQ,2022-08-26T00:19:31.856010Z
IWM,2022-08-24T22:03:26.621990Z
SPY,2022-08-24T22:02:15.068487Z
QQQ,2022-08-24T22:01:14.379325Z
M2K,2022-08-24T21:59:44.329178Z
MES,2022-08-24T21:58:56.266486Z
MNQ,2022-08-24T21:58:14.516742Z
IWM,2022-08-23T21:26:15.393483Z
SPY,2022-08-23T21:25:09.736588Z
QQQ,2022-08-23T21:23:57.509934Z
M2K,2022-08-23T21:22:33.384081Z
MES,2022-08-23T21:21:33.471765Z
MNQ,2022-08-23T21:20:45.443852Z
IWM,2022-08-22T23:15:25.126726Z
SPY,2022-08-22T23:14:01.250824Z
QQQ,2022-08-22T23:12:54.988250Z
M2K,2022-08-22T23:11:48.981789Z
MES,2022-08-22T23:10:48.965310Z
MNQ,2022-08-22T23:09:49.107567Z
IWM,2022-08-19T22:05:51.598800Z
SPY,2022-08-19T22:04:45.509553Z
QQQ,2022-08-19T22:03:27.170390Z
M2K,2022-08-19T22:02:04.113353Z
MES,2022-08-19T22:00:09.739320Z
MNQ,2022-08-19T21:58:28.076009Z
IWM,2022-08-19T01:06:37.381129Z
SPY,2022-08-19T01:05:49.445348Z
QQQ,2022-08-19T01:05:18.929525Z
M2K,2022-08-19T01:04:37.420486Z
MES,2022-08-19T01:03:37.684467Z
MNQ,2022-08-19T01:02:37.500378Z
IWM,2022-08-17T21:26:18.289147Z
SPY,2022-08-17T21:25:12.256163Z
QQQ,2022-08-17T21:24:00.094816Z
M2K,2022-08-17T21:22:36.088123Z
MES,2022-08-17T21:21:42.029753Z
MNQ,2022-08-17T21:20:55.999840Z
IWM,2022-08-17T02:17:06.618836Z
SPY,2022-08-17T02:16:18.577188Z
QQQ,2022-08-17T02:16:00.450151Z
M2K,2022-08-17T02:15:06.698472Z
MES,2022-08-17T02:14:00.823540Z
MNQ,2022-08-17T02:13:00.910943Z
IWM,2022-08-15T21:31:12.973892Z
SPY,2022-08-15T21:30:07.505596Z
QQQ,2022-08-15T21:29:06.779782Z
M2K,2022-08-15T21:27:31.040084Z
MES,2022-08-15T21:26:42.784733Z
MNQ,2022-08-15T21:26:03.211975Z
IWM,2022-08-13T02:48:49.042364Z
SPY,2022-08-13T02:47:37.421051Z
QQQ,2022-08-13T02:46:18.648324Z
M2K,2022-08-13T02:44:49.288914Z
MES,2022-08-13T02:42:55.201707Z
MNQ,2022-08-13T02:41:07.439404Z
IWM,2022-08-11T22:45:36.325747Z
SPY,2022-08-11T22:44:23.987496Z
QQQ,2022-08-11T22:43:18.090123Z
M2K,2022-08-11T22:42:00.101328Z
MES,2022-08-11T22:41:05.781914Z
MNQ,2022-08-11T22:40:18.045086Z
IWM,2022-08-11T05:45:21.139214Z
SPY,2022-08-11T05:44:57.226621Z
QQQ,2022-08-11T05:44:15.123259Z
M2K,2022-08-11T05:43:27.735348Z
MES,2022-08-11T05:42:15.641935Z
MNQ,2022-08-11T05:41:10.033705Z
IWM,2022-08-09T21:26:14.632361Z
SPY,2022-08-09T21:25:08.924051Z
QQQ,2022-08-09T21:23:50.767865Z
M2K,2022-08-09T21:22:26.808728Z
MES,2022-08-09T21:21:32.751559Z
MNQ,2022-08-09T21:20:45.271564Z
IWM,2022-08-09T03:58:46.372895Z
SPY,2022-08-09T03:57:58.666568Z
QQQ,2022-08-09T03:57:34.348364Z
M2K,2022-08-09T03:56:46.669742Z
MES,2022-08-09T03:55:40.634759Z
MNQ,2022-08-09T03:54:34.923877Z
IWM,2022-08-05T21:29:07.926461Z
SPY,2022-08-05T21:28:07.654089Z
QQQ,2022-08-05T21:26:31.772643Z
M2K,2022-08-05T21:25:20.391143Z
MES,2022-08-05T21:23:26.297783Z
MNQ,2022-08-05T21:21:38.156474Z
IWM,2022-08-04T23:20:35.294011Z
SPY,2022-08-04T23:19:11.587516Z
QQQ,2022-08-04T23:18:05.082073Z
M2K,2022-08-04T23:16:59.054710Z
MES,2022-08-04T23:15:59.008733Z
MNQ,2022-08-04T23:14:59.366210Z
IWM,2022-08-04T00:28:48.884365Z
SPY,2022-08-04T00:27:55.091120Z
QQQ,2022-08-04T00:27:06.789092Z
M2K,2022-08-04T00:26:49.264687Z
MES,2022-08-04T00:25:49.264482Z
MNQ,2022-08-04T00:24:49.346253Z
IWM,2022-08-02T21:26:12.833985Z
SPY,2022-08-02T21:25:07.088273Z
QQQ,2022-08-02T21:23:48.945989Z
M2K,2022-08-02T21:22:24.961649Z
MES,2022-08-02T21:21:30.921506Z
MNQ,2022-08-02T21:20:45.703457Z
IWM,2022-08-02T06:35:07.849477Z
SPY,2022-08-02T06:34:44.235852Z
QQQ,2022-08-02T06:33:50.038752Z
M2K,2022-08-02T06:33:08.742500Z
MES,2022-08-02T06:31:56.428479Z
MNQ,2022-08-02T06:30:45.313035Z
IWM,2022-07-29T23:53:31.674166Z
SPY,2022-07-29T23:52:26.336065Z
QQQ,2022-07-29T23:51:01.654892Z
M2K,2022-07-29T23:49:38.121427Z
MES,2022-07-29T23:47:44.042996Z
MNQ,2022-07-29T23:45:56.782861Z
IWM,2022-07-28T23:43:33.742749Z
SPY,2022-07-28T23:42:10.313644Z
QQQ,2022-07-28T23:41:04.023608Z
M2K,2022-07-28T23:39:57.991041Z
MES,2022-07-28T23:38:57.962830Z
MNQ,2022-07-28T23:37:59.890246Z
IWM,2022-07-27T21:58:10.208685Z
SPY,2022-07-27T21:57:04.533363Z
QQQ,2022-07-27T21:55:58.316291Z
M2K,2022-07-27T21:54:34.209800Z
MES,2022-07-27T21:53:46.032559Z
MNQ,2022-07-27T21:52:58.335847Z
IWM,2022-07-27T01:00:50.582390Z
SPY,2022-07-27T00:59:56.560201Z
QQQ,2022-07-27T00:59:08.685776Z
M2K,2022-07-27T00:58:50.905652Z
MES,2022-07-27T00:57:50.970284Z
MNQ,2022-07-27T00:56:50.876389Z
IWM,2022-07-26T21:26:20.501947Z
SPY,2022-07-26T21:25:15.022202Z
QQQ,2022-07-26T21:24:02.603902Z
M2K,2022-07-26T21:22:38.770051Z
MES,2022-07-26T21:21:38.558265Z
MNQ,2022-07-26T21:20:51.938314Z
IWM,2022-07-25T22:35:11.961627Z
SPY,2022-07-25T22:34:00.464657Z
QQQ,2022-07-25T22:32:54.294183Z
M2K,2022-07-25T22:31:35.975902Z
MES,2022-07-25T22:30:42.012618Z
MNQ,2022-07-25T22:29:54.424162Z
IWM,2022-07-22T21:29:13.297023Z
SPY,2022-07-22T21:28:13.279293Z
QQQ,2022-07-22T21:26:37.080286Z
M2K,2022-07-22T21:25:25.997960Z
MES,2022-07-22T21:23:31.676479Z
MNQ,2022-07-22T21:21:43.886782Z
IWM,2022-07-21T21:26:14.297274Z
SPY,2022-07-21T21:25:08.577820Z
QQQ,2022-07-21T21:23:50.409776Z
M2K,2022-07-21T21:22:26.417236Z
MES,2022-07-21T21:21:32.373580Z
MNQ,2022-07-21T21:20:45.728700Z
IWM,2022-07-21T00:21:09.137025Z
SPY,2022-07-21T00:20:20.354439Z
QQQ,2022-07-21T00:19:38.270434Z
M2K,2022-07-21T00:19:08.725829Z
MES,2022-07-21T00:18:08.626038Z
MNQ,2022-07-21T00:17:09.034166Z
IWM,2022-07-19T21:26:12.137908Z
SPY,2022-07-19T21:25:06.714121Z
QQQ,2022-07-19T21:23:48.496400Z
M2K,2022-07-19T21:22:24.542950Z
MES,2022-07-19T21:21:30.507568Z
MNQ,2022-07-19T21:20:42.523737Z
IWM,2022-07-19T04:43:55.961288Z
SPY,2022-07-19T04:43:26.215861Z
QQQ,2022-07-19T04:42:44.289403Z
M2K,2022-07-19T04:42:02.882433Z
MES,2022-07-19T04:40:50.544513Z
MNQ,2022-07-19T04:39:44.746256Z
IWM,2022-07-15T21:29:14.580131Z
SPY,2022-07-15T21:28:14.891726Z
QQQ,2022-07-15T21:26:38.500747Z
M2K,2022-07-15T21:25:27.157141Z
MES,2022-07-15T21:23:32.950161Z
MNQ,2022-07-15T21:21:45.169260Z
IWM,2022-07-15T04:49:01.183964Z
SPY,2022-07-15T04:48:31.317098Z
QQQ,2022-07-15T04:47:49.558310Z
M2K,2022-07-15T04:47:07.837307Z
MES,2022-07-15T04:45:55.640073Z
MNQ,2022-07-15T04:44:49.940822Z
IWM,2022-07-14T06:24:18.638960Z
SPY,2022-07-14T06:23:55.420213Z
QQQ,2022-07-14T06:23:06.603536Z
M2K,2022-07-14T06:22:31.081452Z
MES,2022-07-14T06:21:07.211731Z
MNQ,2022-07-14T06:20:01.345056Z
IWM,2022-07-13T01:12:28.587187Z
SPY,2022-07-13T01:11:40.283556Z
QQQ,2022-07-13T01:11:04.153722Z
M2K,2022-07-13T01:10:28.875403Z
MES,2022-07-13T01:09:28.722281Z
MNQ,2022-07-13T01:08:28.786014Z
IWM,2022-07-12T00:34:31.532134Z
SPY,2022-07-12T00:33:38.054824Z
QQQ,2022-07-12T00:32:55.568334Z
M2K,2022-07-12T00:32:32.060337Z
MES,2022-07-12T00:31:31.934564Z
MNQ,2022-07-12T00:30:32.435931Z
IWM,2022-07-09T06:15:10.369652Z
SPY,2022-07-09T06:13:58.673874Z
QQQ,2022-07-09T06:12:40.091900Z
M2K,2022-07-09T06:11:11.010721Z
MES,2022-07-09T06:09:17.013258Z
MNQ,2022-07-09T06:07:28.860294Z
IWM,2022-07-08T01:28:43.068322Z
SPY,2022-07-08T01:27:54.896249Z
QQQ,2022-07-08T01:27:13.246589Z
M2K,2022-07-08T01:26:44.315099Z
MES,2022-07-08T01:25:43.140829Z
MNQ,2022-07-08T01:24:43.471005Z
IWM,2022-07-06T21:26:12.382652Z
SPY,2022-07-06T21:25:06.628176Z
QQQ,2022-07-06T21:23:48.468151Z
M2K,2022-07-06T21:22:24.493415Z
MES,2022-07-06T21:21:30.592373Z
MNQ,2022-07-06T21:20:48.137625Z
IWM,2022-07-05T23:59:13.189453Z
SPY,2022-07-05T23:57:43.545678Z
QQQ,2022-07-05T23:56:31.453681Z
M2K,2022-07-05T23:55:25.419219Z
MES,2022-07-05T23:54:25.412775Z
MNQ,2022-07-05T23:53:28.717070Z
IWM,2022-07-05T03:57:19.764502Z
SPY,2022-07-05T03:56:26.106543Z
QQQ,2022-07-05T03:55:37.851617Z
M2K,2022-07-05T03:55:20.739664Z
MES,2022-07-05T03:54:20.641336Z
MNQ,2022-07-05T03:54:07.023463Z
IWM,2022-07-01T21:40:13.652372Z
SPY,2022-07-01T21:39:07.882334Z
QQQ,2022-07-01T21:38:07.407641Z
M2K,2022-07-01T21:36:32.113790Z
MES,2022-07-01T21:34:37.792200Z
MNQ,2022-07-01T21:32:56.098559Z
IWM,2022-06-30T22:06:40.367319Z
SPY,2022-06-30T22:05:28.747950Z
QQQ,2022-06-30T22:04:28.387640Z
M2K,2022-06-30T22:02:52.391251Z
MES,2022-06-30T22:01:58.312456Z
MNQ,2022-06-30T22:01:04.378684Z
IWM,2022-06-29T22:22:40.687232Z
SPY,2022-06-29T22:21:29.030640Z
QQQ,2022-06-29T22:20:22.983478Z
M2K,2022-06-29T22:19:04.762573Z
MES,2022-06-29T22:18:10.734494Z
MNQ,2022-06-29T22:17:26.036340Z
IWM,2022-06-28T23:36:43.834272Z
SPY,2022-06-28T23:35:20.188316Z
QQQ,2022-06-28T23:34:13.962522Z
M2K,2022-06-28T23:33:07.963123Z
MES,2022-06-28T23:32:07.803958Z
MNQ,2022-06-28T23:31:09.297912Z
IWM,2022-06-28T02:36:12.491236Z
SPY,2022-06-28T02:35:24.382100Z
QQQ,2022-06-28T02:35:06.599786Z
M2K,2022-06-28T02:34:12.887539Z
MES,2022-06-28T02:33:07.200925Z
MNQ,2022-06-28T02:32:08.228505Z
IWM,2022-06-24T22:22:55.549387Z
SPY,2022-06-24T22:21:51.210795Z
QQQ,2022-06-24T22:20:19.636331Z
M2K,2022-06-24T22:19:02.319286Z
MES,2022-06-24T22:17:08.143914Z
MNQ,2022-06-24T22:15:20.311515Z
IWM,2022-06-23T21:32:24.573710Z
SPY,2022-06-23T21:31:18.932396Z
QQQ,2022-06-23T21:30:18.526805Z
M2K,2022-06-23T21:28:42.545196Z
MES,2022-06-23T21:27:54.522155Z
MNQ,2022-06-23T21:27:15.046143Z
IWM,2022-06-22T22:16:12.752699Z
SPY,2022-06-22T22:15:06.799045Z
QQQ,2022-06-22T22:14:00.863098Z
M2K,2022-06-22T22:12:30.729043Z
MES,2022-06-22T22:11:36.679338Z
MNQ,2022-06-22T22:10:42.758150Z
IWM,2022-06-22T01:18:06.578603Z
SPY,2022-06-22T01:17:18.546480Z
QQQ,2022-06-22T01:16:36.443144Z
M2K,2022-06-22T01:16:07.025150Z
MES,2022-06-22T01:15:06.796064Z
MNQ,2022-06-22T01:14:06.737416Z
IWM,2022-06-17T23:07:36.470309Z
SPY,2022-06-17T23:06:24.929614Z
QQQ,2022-06-17T23:05:12.392793Z
M2K,2022-06-17T23:03:42.700380Z
MES,2022-06-17T23:01:48.648744Z
MNQ,2022-06-17T23:00:06.893012Z
IWM,2022-06-16T22:20:52.319892Z
SPY,2022-06-16T22:19:40.757202Z
QQQ,2022-06-16T22:18:34.266008Z
M2K,2022-06-16T22:17:16.094287Z
MES,2022-06-16T22:16:21.976298Z
MNQ,2022-06-16T22:15:34.289420Z
IWM,2022-06-16T00:22:46.299496Z
SPY,2022-06-16T00:21:52.570111Z
QQQ,2022-06-16T00:21:10.366051Z
M2K,2022-06-16T00:20:46.737258Z
MES,2022-06-16T00:19:46.683440Z
MNQ,2022-06-16T00:18:47.141272Z
IWM,2022-06-14T21:26:14.926918Z
SPY,2022-06-14T21:25:08.969925Z
QQQ,2022-06-14T21:23:51.010288Z
M2K,2022-06-14T21:22:27.083837Z
MES,2022-06-14T21:21:33.094110Z
MNQ,2022-06-14T21:20:44.982293Z
IWM,2022-06-13T22:26:50.894208Z
SPY,2022-06-13T22:25:45.071905Z
QQQ,2022-06-13T22:24:39.134671Z
M2K,2022-06-13T22:23:14.924523Z
MES,2022-06-13T22:22:20.580902Z
MNQ,2022-06-13T22:21:26.950146Z
IWM,2022-06-10T22:19:19.512191Z
SPY,2022-06-10T22:18:13.812235Z
QQQ,2022-06-10T22:17:01.363686Z
M2K,2022-06-10T22:15:31.741896Z
MES,2022-06-10T22:13:43.855413Z
MNQ,2022-06-10T22:12:01.842049Z
IWM,2022-06-09T21:28:53.445757Z
SPY,2022-06-09T21:27:47.611854Z
QQQ,2022-06-09T21:26:29.458705Z
M2K,2022-06-09T21:25:05.465526Z
MES,2022-06-09T21:24:11.397131Z
MNQ,2022-06-09T21:23:23.771396Z
IWM,2022-06-09T07:15:14.308500Z
SPY,2022-06-09T07:13:58.739301Z
QQQ,2022-06-09T07:12:52.430749Z
M2K,2022-06-09T07:11:17.158161Z
MES,2022-06-09T07:09:05.466522Z
MNQ,2022-06-09T07:06:53.728891Z
IWM,2022-06-07T21:26:14.042247Z
SPY,2022-06-07T21:25:08.043998Z
QQQ,2022-06-07T21:23:56.128300Z
M2K,2022-06-07T21:22:32.129733Z
MES,2022-06-07T21:21:38.022021Z
MNQ,2022-06-07T21:20:44.123665Z
IWM,2022-06-06T21:27:01.108124Z
SPY,2022-06-06T21:25:55.338459Z
QQQ,2022-06-06T21:24:54.930173Z
M2K,2022-06-06T21:23:24.981679Z
MES,2022-06-06T21:22:36.828973Z
MNQ,2022-06-06T21:21:55.634358Z
IWM,2022-06-03T23:27:09.397750Z
SPY,2022-06-03T23:26:03.728325Z
QQQ,2022-06-03T23:24:39.309052Z
M2K,2022-06-03T23:23:15.940669Z
MES,2022-06-03T23:21:21.471939Z
MNQ,2022-06-03T23:19:33.590233Z
IWM,2022-06-03T05:48:21.196432Z
SPY,2022-06-03T05:47:57.519989Z
QQQ,2022-06-03T05:47:03.641106Z
M2K,2022-06-03T05:46:21.814419Z
MES,2022-06-03T05:45:09.793314Z
MNQ,2022-06-03T05:43:58.948709Z
IWM,2022-06-02T05:39:38.484218Z
SPY,2022-06-02T05:38:56.660683Z
QQQ,2022-06-02T05:38:32.592610Z
M2K,2022-06-02T05:37:44.953070Z
MES,2022-06-02T05:36:33.235256Z
MNQ,2022-06-02T05:36:02.865206Z
IWM,2022-05-31T21:26:20.132414Z
SPY,2022-05-31T21:25:14.145204Z
QQQ,2022-05-31T21:24:01.916543Z
M2K,2022-05-31T21:22:38.231858Z
MES,2022-05-31T21:21:38.357330Z
MNQ,2022-05-31T21:20:50.265826Z
IWM,2022-05-31T00:00:50.880751Z
SPY,2022-05-30T23:59:39.382095Z
QQQ,2022-05-30T23:58:15.167613Z
M2K,2022-05-30T23:56:51.418305Z
MES,2022-05-30T23:55:57.193066Z
MNQ,2022-05-30T23:55:35.705587Z
IWM,2022-05-28T01:35:08.088436Z
SPY,2022-05-28T01:33:50.399983Z
QQQ,2022-05-28T01:32:38.362509Z
M2K,2022-05-28T01:31:14.541378Z
MES,2022-05-28T01:29:14.541963Z
MNQ,2022-05-28T01:27:26.506937Z
IWM,2022-05-27T06:20:19.693479Z
SPY,2022-05-27T06:19:56.076873Z
QQQ,2022-05-27T06:19:07.716766Z
M2K,2022-05-27T06:18:32.230293Z
MES,2022-05-27T06:17:08.301542Z
MNQ,2022-05-27T06:16:02.274034Z
IWM,2022-05-26T05:10:28.393409Z
SPY,2022-05-26T05:10:10.604955Z
QQQ,2022-05-26T05:09:16.392922Z
M2K,2022-05-26T05:08:35.080249Z
MES,2022-05-26T05:07:23.074840Z
MNQ,2022-05-26T05:06:10.940914Z
IWM,2022-05-24T21:26:14.160467Z
SPY,2022-05-24T21:25:08.425195Z
QQQ,2022-05-24T21:23:50.286585Z
M2K,2022-05-24T21:22:26.311942Z
MES,2022-05-24T21:21:32.271702Z
MNQ,2022-05-24T21:20:44.251419Z
IWM,2022-05-24T05:26:38.608042Z
SPY,2022-05-24T05:26:08.546705Z
QQQ,2022-05-24T05:25:26.419410Z
M2K,2022-05-24T05:24:38.896062Z
MES,2022-05-24T05:23:26.961525Z
MNQ,2022-05-24T05:22:21.544720Z
IWM,2022-05-22T02:31:32.383976Z
SPY,2022-05-22T02:29:37.965256Z
QQQ,2022-05-22T02:27:38.019848Z
M2K,2022-05-22T02:25:38.722583Z
MES,2022-05-22T02:22:44.592759Z
MNQ,2022-05-22T02:19:57.077574Z
IWM,2022-05-19T21:54:04.674692Z
SPY,2022-05-19T21:52:58.532235Z
QQQ,2022-05-19T21:51:40.634650Z
M2K,2022-05-19T21:50:16.315195Z
MES,2022-05-19T21:49:22.293569Z
MNQ,2022-05-19T21:48:34.575584Z
IWM,2022-05-19T00:21:19.207439Z
SPY,2022-05-19T00:20:24.775878Z
QQQ,2022-05-19T00:19:42.362934Z
M2K,2022-05-19T00:19:18.709815Z
MES,2022-05-19T00:18:18.659598Z
MNQ,2022-05-19T00:17:19.014096Z
IWM,2022-05-18T01:33:16.164279Z
SPY,2022-05-18T01:32:28.559681Z
QQQ,2022-05-18T01:31:46.168965Z
M2K,2022-05-18T01:31:17.179751Z
MES,2022-05-18T01:30:16.470661Z
MNQ,2022-05-18T01:29:16.737548Z
IWM,2022-05-17T01:20:27.052805Z
SPY,2022-05-17T01:19:39.178868Z
QQQ,2022-05-17T01:18:56.816918Z
M2K,2022-05-17T01:18:27.292945Z
MES,2022-05-17T01:17:27.136580Z
MNQ,2022-05-17T01:16:27.471115Z
IWM,2022-05-13T22:42:40.221307Z
SPY,2022-05-13T22:41:34.669224Z
QQQ,2022-05-13T22:40:22.191118Z
M2K,2022-05-13T22:38:52.681122Z
MES,2022-05-13T22:37:04.536547Z
MNQ,2022-05-13T22:35:22.846238Z
IWM,2022-05-13T01:03:13.491934Z
SPY,2022-05-13T01:02:19.809999Z
QQQ,2022-05-13T01:01:37.946430Z
M2K,2022-05-13T01:01:14.027294Z
MES,2022-05-13T01:00:13.813812Z
MNQ,2022-05-13T00:59:13.808244Z
IWM,2022-05-11T22:27:15.823684Z
SPY,2022-05-11T22:26:03.860688Z
QQQ,2022-05-11T22:24:57.915445Z
M2K,2022-05-11T22:23:39.719578Z
MES,2022-05-11T22:22:45.634915Z
MNQ,2022-05-11T22:21:58.013242Z
IWM,2022-05-11T00:44:15.516495Z
SPY,2022-05-11T00:43:22.024780Z
QQQ,2022-05-11T00:42:39.495893Z
M2K,2022-05-11T00:42:16.402563Z
MES,2022-05-11T00:41:16.229405Z
MNQ,2022-05-11T00:40:16.139940Z
IWM,2022-05-10T04:28:10.489461Z
SPY,2022-05-10T04:27:46.199567Z
QQQ,2022-05-10T04:26:58.464359Z
M2K,2022-05-10T04:26:16.523391Z
MES,2022-05-10T04:25:04.681444Z
MNQ,2022-05-10T04:23:58.392414Z
IWM,2022-05-06T21:29:07.183807Z
SPY,2022-05-06T21:28:07.227138Z
QQQ,2022-05-06T21:26:31.109816Z
M2K,2022-05-06T21:25:19.578976Z
MES,2022-05-06T21:23:25.559171Z
MNQ,2022-05-06T21:21:37.443501Z
IWM,2022-05-06T00:28:46.843343Z
SPY,2022-05-06T00:27:52.787972Z
QQQ,2022-05-06T00:27:10.906448Z
M2K,2022-05-06T00:26:47.274057Z
MES,2022-05-06T00:25:46.868854Z
MNQ,2022-05-06T00:24:49.430741Z
IWM,2022-05-04T23:39:10.846487Z
SPY,2022-05-04T23:37:47.663269Z
QQQ,2022-05-04T23:36:40.937034Z
M2K,2022-05-04T23:35:34.894710Z
MES,2022-05-04T23:34:34.904404Z
MNQ,2022-05-04T23:33:35.143544Z
IWM,2022-05-04T00:32:28.003922Z
SPY,2022-05-04T00:31:40.124161Z
QQQ,2022-05-04T00:30:57.954449Z
M2K,2022-05-04T00:30:28.456885Z
MES,2022-05-04T00:29:28.114129Z
MNQ,2022-05-04T00:28:28.006140Z
IWM,2022-05-03T00:09:33.884630Z
SPY,2022-05-03T00:08:40.386398Z
QQQ,2022-05-03T00:07:57.918904Z
M2K,2022-05-03T00:07:34.227522Z
MES,2022-05-03T00:06:34.156840Z
MNQ,2022-05-03T00:05:34.481658Z
IWM,2022-04-30T00:54:03.782267Z
SPY,2022-04-30T00:52:51.979111Z
QQQ,2022-04-30T00:51:45.786816Z
M2K,2022-04-30T00:50:04.029873Z
MES,2022-04-30T00:48:10.377344Z
MNQ,2022-04-30T00:46:28.218769Z
IWM,2022-04-29T01:58:32.525526Z
SPY,2022-04-29T01:57:44.613814Z
QQQ,2022-04-29T01:57:08.476072Z
M2K,2022-04-29T01:56:32.989931Z
MES,2022-04-29T01:55:32.849581Z
MNQ,2022-04-29T01:54:32.826294Z
IWM,2022-04-27T23:06:42.304802Z
SPY,2022-04-27T23:04:47.668279Z
QQQ,2022-04-27T23:02:47.756911Z
M2K,2022-04-27T23:00:53.892312Z
MES,2022-04-27T22:58:54.069333Z
MNQ,2022-04-27T22:57:06.399792Z
IWM,2022-04-27T22:06:13.710570Z
SPY,2022-04-27T22:05:01.654276Z
QQQ,2022-04-27T22:03:55.698788Z
M2K,2022-04-27T22:02:37.447960Z
MES,2022-04-27T22:01:43.373452Z
MNQ,2022-04-27T22:00:55.614714Z
IWM,2022-04-25T22:50:02.028404Z
SPY,2022-04-25T22:48:49.913421Z
QQQ,2022-04-25T22:47:43.966371Z
M2K,2022-04-25T22:46:26.054209Z
MES,2022-04-25T22:45:31.705621Z
MNQ,2022-04-25T22:44:44.121551Z
IWM,2022-04-22T21:43:50.331961Z
SPY,2022-04-22T21:42:26.519100Z
QQQ,2022-04-22T21:41:20.020330Z
M2K,2022-04-22T21:40:14.470588Z
MES,2022-04-22T21:38:14.691086Z
MNQ,2022-04-22T21:36:20.903521Z
IWM,2022-04-22T02:05:53.563120Z
SPY,2022-04-22T02:05:05.474418Z
QQQ,2022-04-22T02:04:47.637662Z
M2K,2022-04-22T02:03:53.597666Z
MES,2022-04-22T02:02:47.793175Z
MNQ,2022-04-22T02:01:47.824505Z
IWM,2022-04-21T00:20:20.745688Z
SPY,2022-04-21T00:19:26.624941Z
QQQ,2022-04-21T00:18:38.610958Z
M2K,2022-04-21T00:18:20.764415Z
MES,2022-04-21T00:17:20.720979Z
MNQ,2022-04-21T00:16:20.984727Z
IWM,2022-04-20T01:14:20.362694Z
SPY,2022-04-20T01:13:32.337279Z
QQQ,2022-04-20T01:13:02.268175Z
M2K,2022-04-20T01:12:20.793105Z
MES,2022-04-20T01:11:20.719237Z
MNQ,2022-04-20T01:10:23.575235Z
IWM,2022-04-19T06:26:38.561174Z
SPY,2022-04-19T06:26:15.218202Z
QQQ,2022-04-19T06:25:26.459448Z
M2K,2022-04-19T06:24:39.059540Z
MES,2022-04-19T06:23:27.067427Z
MNQ,2022-04-19T06:22:15.268052Z
IWM,2022-04-16T02:46:53.587422Z
SPY,2022-04-16T02:45:42.195146Z
QQQ,2022-04-16T02:44:35.582186Z
M2K,2022-04-16T02:42:53.921183Z
MES,2022-04-16T02:40:59.980142Z
MNQ,2022-04-16T02:39:17.618302Z
IWM,2022-04-14T23:15:15.183998Z
SPY,2022-04-14T23:14:03.660101Z
QQQ,2022-04-14T23:12:51.078795Z
M2K,2022-04-14T23:11:21.688391Z
MES,2022-04-14T23:09:27.669955Z
MNQ,2022-04-14T23:07:45.536163Z
IWM,2022-04-14T04:27:17.173157Z
SPY,2022-04-14T04:26:35.368849Z
QQQ,2022-04-14T04:26:05.653147Z
M2K,2022-04-14T04:25:17.679271Z
MES,2022-04-14T04:24:11.635542Z
MNQ,2022-04-14T04:23:05.839051Z
IWM,2022-04-13T12:19:02.502482Z
SPY,2022-04-13T12:17:45.053918Z
QQQ,2022-04-13T12:16:08.490338Z
M2K,2022-04-13T12:14:45.585Z
MES,2022-04-13T12:12:21.294031Z
MNQ,2022-04-13T12:09:51.862067Z
IWM,2022-04-11T22:11:48.042785Z
SPY,2022-04-11T22:10:36.114017Z
QQQ,2022-04-11T22:09:30.226071Z
M2K,2022-04-11T22:08:11.824215Z
MES,2022-04-11T22:07:18.142283Z
MNQ,2022-04-11T22:06:30.332154Z
IWM,2022-04-08T21:29:11.985098Z
SPY,2022-04-08T21:28:12.246413Z
QQQ,2022-04-08T21:26:35.744821Z
M2K,2022-04-08T21:25:24.381198Z
MES,2022-04-08T21:23:30.221099Z
MNQ,2022-04-08T21:21:42.490984Z
IWM,2022-04-07T22:44:57.875673Z
SPY,2022-04-07T22:43:03.765785Z
QQQ,2022-04-07T22:41:09.692091Z
M2K,2022-04-07T22:39:10.376891Z
MES,2022-04-07T22:37:15.951299Z
MNQ,2022-04-07T22:35:27.936166Z
IWM,2022-04-05T21:17:50.356984Z
SPY,2022-04-05T21:16:44.418098Z
QQQ,2022-04-05T21:15:44.395197Z
M2K,2022-04-05T21:14:14.420241Z
MES,2022-04-05T21:13:20.070585Z
MNQ,2022-04-05T21:12:40.601748Z
IWM,2022-04-05T00:28:22.218140Z
SPY,2022-04-05T00:27:28.855312Z
QQQ,2022-04-05T00:26:46.232015Z
M2K,2022-04-05T00:26:22.541145Z
MES,2022-04-05T00:25:22.598012Z
MNQ,2022-04-05T00:24:22.874842Z
IWM,2022-04-01T21:58:57.450280Z
SPY,2022-04-01T21:57:57.301019Z
QQQ,2022-04-01T21:56:33.071232Z
M2K,2022-04-01T21:55:15.570231Z
MES,2022-04-01T21:53:21.601538Z
MNQ,2022-04-01T21:51:39.470189Z
IWM,2022-04-01T01:57:03.646997Z
SPY,2022-04-01T01:56:15.576033Z
QQQ,2022-04-01T01:55:51.480478Z
M2K,2022-04-01T01:55:09.702246Z
MES,2022-04-01T01:54:03.910341Z
MNQ,2022-04-01T01:53:05.019060Z
IWM,2022-02-15T04:06:08.042298Z
SPY,2022-02-15T04:05:25.898176Z
QQQ,2022-02-15T04:05:01.917673Z
M2K,2022-02-15T04:04:08.364225Z
MES,2022-02-15T04:03:02.485308Z
MNQ,2022-02-15T04:02:07.586640Z
MNQ,2022-02-15T03:50:19.233213Z
IWM,2022-02-12T02:03:11.742275Z
SPY,2022-02-12T02:01:59.634166Z
QQQ,2022-02-12T02:00:53.389832Z
M2K,2022-02-12T01:59:12.250487Z
MES,2022-02-12T01:57:17.893502Z
MNQ,2022-02-12T01:55:35.778746Z
IWM,2022-02-10T23:01:35.623831Z
SPY,2022-02-10T23:00:29.812437Z
QQQ,2022-02-10T22:59:29.398882Z
M2K,2022-02-10T22:57:59.367934Z
MES,2022-02-10T22:57:11.332622Z
MNQ,2022-02-10T22:56:34.602571Z
IWM,2022-02-10T00:53:08.688842Z
SPY,2022-02-10T00:51:56.065853Z
QQQ,2022-02-10T00:50:50.210824Z
ARKX,2022-02-10T00:49:26.187691Z
ARKF,2022-02-10T00:48:01.737833Z
ARKK,2022-02-10T00:46:56.276564Z
M2K,2022-02-10T00:45:50.074885Z
MES,2022-02-10T00:44:49.995710Z
MNQ,2022-02-10T00:43:50.284008Z
IWM,2022-02-09T00:31:55.529030Z
SPY,2022-02-09T00:30:44.420468Z
QQQ,2022-02-09T00:29:37.349242Z
ARKX,2022-02-09T00:28:01.384342Z
ARKF,2022-02-09T00:26:49.245267Z
ARKK,2022-02-09T00:25:37.924306Z
M2K,2022-02-09T00:24:25.249164Z
MES,2022-02-09T00:23:25.245332Z
MNQ,2022-02-09T00:22:25.220439Z
IWM,2022-02-07T22:30:16.520529Z
SPY,2022-02-07T22:28:46.484191Z
QQQ,2022-02-07T22:27:34.473236Z
ARKX,2022-02-07T22:26:22.707897Z
ARKF,2022-02-07T22:25:16.567748Z
ARKK,2022-02-07T22:24:16.785199Z
M2K,2022-02-07T22:22:46.577313Z
MES,2022-02-07T22:21:58.826697Z
MNQ,2022-02-07T22:21:17.119994Z
IWM,2022-02-05T00:38:00.330647Z
SPY,2022-02-05T00:36:54.357475Z
QQQ,2022-02-05T00:35:24.588325Z
ARKX,2022-02-05T00:34:06.458148Z
ARKF,2022-02-05T00:32:54.800400Z
ARKK,2022-02-05T00:31:54.486164Z
M2K,2022-02-05T00:30:13.089567Z
MES,2022-02-05T00:28:24.681518Z
MNQ,2022-02-05T00:26:43.058396Z
IWM,2022-02-04T00:49:37.644739Z
SPY,2022-02-04T00:48:26.166093Z
QQQ,2022-02-04T00:47:20.416305Z
ARKX,2022-02-04T00:45:55.462036Z
ARKF,2022-02-04T00:44:33.310898Z
ARKK,2022-02-04T00:43:26.244089Z
M2K,2022-02-04T00:42:19.629788Z
MES,2022-02-04T00:41:19.877809Z
MNQ,2022-02-04T00:40:20.106319Z
IWM,2022-02-03T02:46:34.147527Z
SPY,2022-02-03T02:45:39.752516Z
QQQ,2022-02-03T02:44:57.704456Z
ARKX,2022-02-03T02:44:34.240882Z
ARKF,2022-02-03T02:43:45.805917Z
ARKK,2022-02-03T02:43:04.248760Z
M2K,2022-02-03T02:42:34.571121Z
MES,2022-02-03T02:41:34.548321Z
MNQ,2022-02-03T02:40:34.814635Z
IWM,2022-02-01T23:21:26.247791Z
SPY,2022-02-01T23:20:20.359646Z
QQQ,2022-02-01T23:18:55.918110Z
ARKX,2022-02-01T23:17:38.103662Z
ARKF,2022-02-01T23:16:25.775144Z
ARKK,2022-02-01T23:15:20.576340Z
M2K,2022-02-01T23:14:01.866886Z
MES,2022-02-01T23:13:08.188705Z
MNQ,2022-02-01T23:12:20.221124Z
IWM,2022-01-31T22:30:00.040162Z
SPY,2022-01-31T22:28:36.030956Z
QQQ,2022-01-31T22:27:24.360183Z
ARKX,2022-01-31T22:26:17.705818Z
ARKF,2022-01-31T22:25:11.912278Z
ARKK,2022-01-31T22:24:00.427198Z
M2K,2022-01-31T22:22:36.442545Z
MES,2022-01-31T22:21:42.580075Z
MNQ,2022-01-31T22:20:54.394493Z
IWM,2022-01-28T22:35:06.107010Z
SPY,2022-01-28T22:33:30.199864Z
QQQ,2022-01-28T22:32:18.605560Z
ARKX,2022-01-28T22:31:12.024430Z
ARKF,2022-01-28T22:30:06.031029Z
ARKK,2022-01-28T22:28:48.243113Z
M2K,2022-01-28T22:27:24.713788Z
MES,2022-01-28T22:25:36.441693Z
MNQ,2022-01-28T22:23:54.169485Z
IWM,2022-01-27T22:29:39.569792Z
SPY,2022-01-27T22:28:27.742398Z
QQQ,2022-01-27T22:27:23.923764Z
ARKX,2022-01-27T22:26:21.311198Z
ARKF,2022-01-27T22:24:51.569722Z
ARKK,2022-01-27T22:23:39.667037Z
M2K,2022-01-27T22:22:27.968249Z
MES,2022-01-27T22:21:35.855661Z
MNQ,2022-01-27T22:20:33.890170Z
IWM,2022-01-27T22:19:40.147524Z
SPY,2022-01-27T22:17:46.154027Z
QQQ,2022-01-27T22:16:09.999905Z
ARKX,2022-01-27T22:14:22.058234Z
ARKF,2022-01-27T22:12:22.169635Z
ARKK,2022-01-27T22:10:28.297490Z
M2K,2022-01-27T22:08:34.633478Z
MES,2022-01-27T22:06:46.284508Z
MNQ,2022-01-27T22:04:58.491590Z
IWM,2022-01-27T10:21:48.286085Z
SPY,2022-01-27T10:20:06.636732Z
QQQ,2022-01-27T10:18:54.108538Z
ARKX,2022-01-27T10:17:48.512328Z
ARKF,2022-01-27T10:16:05.901949Z
ARKK,2022-01-27T10:14:48.808793Z
M2K,2022-01-27T10:13:30.821411Z
MES,2022-01-27T10:11:00.893940Z
MNQ,2022-01-27T10:08:49.404539Z
IWM,2022-01-25T22:31:00.034600Z
SPY,2022-01-25T22:29:30.246755Z
QQQ,2022-01-25T22:28:18.251948Z
ARKX,2022-01-25T22:27:06.460167Z
ARKF,2022-01-25T22:26:00.099267Z
ARKK,2022-01-25T22:25:00.635769Z
M2K,2022-01-25T22:23:30.661834Z
MES,2022-01-25T22:22:42.290483Z
MNQ,2022-01-25T22:22:02.722175Z
IWM,2022-01-24T23:07:16.600838Z
SPY,2022-01-24T23:05:52.759044Z
QQQ,2022-01-24T23:04:34.434340Z
ARKX,2022-01-24T23:03:22.725326Z
ARKF,2022-01-24T23:02:16.394749Z
ARKK,2022-01-24T23:00:59.090057Z
M2K,2022-01-24T22:59:34.733307Z
MES,2022-01-24T22:58:40.709716Z
MNQ,2022-01-24T22:57:52.890948Z
IWM,2022-01-21T23:20:55.994028Z
SPY,2022-01-21T23:19:37.547209Z
QQQ,2022-01-21T23:18:13.506238Z
ARKX,2022-01-21T23:17:01.577762Z
ARKF,2022-01-21T23:15:55.702245Z
ARKK,2022-01-21T23:14:43.589974Z
M2K,2022-01-21T23:13:14.205512Z
MES,2022-01-21T23:11:25.856828Z
MNQ,2022-01-21T23:09:44.035758Z
IWM,2022-01-20T23:52:05.521436Z
SPY,2022-01-20T23:50:59.802696Z
QQQ,2022-01-20T23:49:35.411681Z
ARKX,2022-01-20T23:48:18.038686Z
ARKF,2022-01-20T23:47:05.386175Z
ARKK,2022-01-20T23:45:59.809716Z
M2K,2022-01-20T23:44:41.743788Z
MES,2022-01-20T23:43:47.722613Z
MNQ,2022-01-20T23:42:59.821017Z
IWM,2022-01-20T03:55:26.477998Z
SPY,2022-01-20T03:54:38.235865Z
QQQ,2022-01-20T03:54:08.236286Z
ARKX,2022-01-20T03:53:26.811538Z
ARKF,2022-01-20T03:52:44.128543Z
ARKK,2022-01-20T03:52:26.352217Z
M2K,2022-01-20T03:51:32.526956Z
MES,2022-01-20T03:50:27.390247Z
MNQ,2022-01-20T03:49:27.166105Z
M2K,2022-01-19T02:42:55.235502Z
MES,2022-01-19T02:41:54.689168Z
MNQ,2022-01-19T02:40:54.964220Z
QQQ,2022-01-19T00:15:24.280503Z
M2K,2022-01-19T00:14:23.732886Z
MES,2022-01-19T00:13:23.677809Z
MNQ,2022-01-19T00:12:23.697462Z
MNQ,2022-01-19T00:10:29.127983Z
M2K,2022-01-19T00:02:20.657144Z
MES,2022-01-19T00:01:20.728817Z
MNQ,2022-01-19T00:00:34.053302Z
M2K,2022-01-18T22:22:31.321205Z
MES,2022-01-18T22:21:36.886604Z
MNQ,2022-01-18T22:20:55.616718Z
IWM,2022-01-17T22:32:05.700001Z
SPY,2022-01-17T22:30:41.255527Z
QQQ,2022-01-17T22:29:17.048165Z
ARKX,2022-01-17T22:28:05.133548Z
ARKF,2022-01-17T22:26:46.904029Z
ARKK,2022-01-17T22:25:17.587707Z
M2K,2022-01-17T22:24:05.819957Z
MES,2022-01-17T22:23:17.380332Z
MNQ,2022-01-17T22:22:23.528001Z
IWM,2022-01-14T23:09:03.121998Z
SPY,2022-01-14T23:07:44.577914Z
QQQ,2022-01-14T23:06:20.678904Z
ARKX,2022-01-14T23:05:08.842744Z
ARKF,2022-01-14T23:04:02.906160Z
ARKK,2022-01-14T23:02:51.398622Z
M2K,2022-01-14T23:01:21.315467Z
MES,2022-01-14T22:59:33.376305Z
MNQ,2022-01-14T22:57:51.554678Z
IWM,2022-01-13T22:29:54.667752Z
SPY,2022-01-13T22:28:30.678486Z
QQQ,2022-01-13T22:27:18.695058Z
ARKX,2022-01-13T22:26:12.457670Z
ARKF,2022-01-13T22:25:06.172663Z
ARKK,2022-01-13T22:23:54.932068Z
M2K,2022-01-13T22:22:30.426957Z
MES,2022-01-13T22:21:36.731114Z
MNQ,2022-01-13T22:20:54.665742Z
IWM,2022-01-12T22:41:46.781159Z
SPY,2022-01-12T22:40:10.796132Z
QQQ,2022-01-12T22:38:59.241020Z
ARKX,2022-01-12T22:37:52.700418Z
ARKF,2022-01-12T22:36:46.644696Z
ARKK,2022-01-12T22:35:35.058612Z
M2K,2022-01-12T22:34:11.188486Z
MES,2022-01-12T22:33:16.843802Z
MNQ,2022-01-12T22:32:34.699955Z
IWM,2022-01-11T22:29:57.189349Z
SPY,2022-01-11T22:28:33.490058Z
QQQ,2022-01-11T22:27:21.523477Z
ARKX,2022-01-11T22:26:15.149855Z
ARKF,2022-01-11T22:25:09.067606Z
ARKK,2022-01-11T22:23:57.788602Z
M2K,2022-01-11T22:22:33.468271Z
MES,2022-01-11T22:21:33.280220Z
MNQ,2022-01-11T22:20:51.265294Z
IWM,2022-01-10T22:30:08.048486Z
SPY,2022-01-10T22:28:38.068703Z
QQQ,2022-01-10T22:27:25.996851Z
ARKX,2022-01-10T22:26:13.818616Z
ARKF,2022-01-10T22:25:07.929317Z
ARKK,2022-01-10T22:24:08.281509Z
M2K,2022-01-10T22:22:37.706403Z
MES,2022-01-10T22:21:43.713714Z
MNQ,2022-01-10T22:20:53.976567Z
IWM,2022-01-08T08:22:01.834016Z
SPY,2022-01-08T08:20:02.036398Z
QQQ,2022-01-08T08:18:01.950688Z
ARKX,2022-01-08T08:16:01.976240Z
ARKF,2022-01-08T08:14:01.883507Z
ARKK,2022-01-08T08:12:07.843321Z
M2K,2022-01-08T08:10:08.373202Z
MES,2022-01-08T08:07:14.442518Z
MNQ,2022-01-08T08:04:31.714857Z
QQQ,2022-01-08T08:00:23.763763Z
ARKX,2022-01-08T07:58:41.896870Z
ARKF,2022-01-08T07:57:29.684046Z
ARKK,2022-01-08T07:56:23.741304Z
M2K,2022-01-08T07:54:42.404688Z
MES,2022-01-08T07:52:54.173897Z
MNQ,2022-01-08T07:51:12.251049Z
IWM,2022-01-07T05:01:41.169624Z
SPY,2022-01-07T05:00:53.042378Z
QQQ,2022-01-07T05:00:35.328144Z
ARKX,2022-01-07T04:59:41.132954Z
ARKF,2022-01-07T04:58:52.911924Z
ARKK,2022-01-07T04:58:35.321053Z
M2K,2022-01-07T04:57:41.823421Z
MES,2022-01-07T04:56:35.718317Z
MNQ,2022-01-07T04:55:35.771485Z
IWM,2022-01-05T22:29:55.928463Z
SPY,2022-01-05T22:28:31.648482Z
QQQ,2022-01-05T22:27:19.675458Z
ARKX,2022-01-05T22:26:13.909404Z
ARKF,2022-01-05T22:25:07.466571Z
ARKK,2022-01-05T22:23:55.776106Z
M2K,2022-01-05T22:22:31.949820Z
MES,2022-01-05T22:21:37.722211Z
MNQ,2022-01-05T22:20:50.813962Z
IWM,2022-01-04T22:30:06.976583Z
SPY,2022-01-04T22:28:31.173719Z
QQQ,2022-01-04T22:27:18.778344Z
ARKX,2022-01-04T22:26:12.478145Z
ARKF,2022-01-04T22:25:06.987162Z
ARKK,2022-01-04T22:24:06.893951Z
M2K,2022-01-04T22:22:31.065418Z
MES,2022-01-04T22:21:38.013085Z
MNQ,2022-01-04T22:20:49.007999Z
IWM,2022-01-03T22:29:48.225263Z
SPY,2022-01-03T22:28:24.240228Z
QQQ,2022-01-03T22:27:18.202455Z
ARKX,2022-01-03T22:26:12.393984Z
ARKF,2022-01-03T22:25:06.198707Z
ARKK,2022-01-03T22:23:48.411097Z
M2K,2022-01-03T22:22:24.387100Z
MES,2022-01-03T22:21:30.357370Z
MNQ,2022-01-03T22:20:42.586250Z
IWM,2022-01-01T03:50:30.770785Z
SPY,2022-01-01T03:49:18.578184Z
QQQ,2022-01-01T03:47:54.677335Z
ARKX,2022-01-01T03:46:30.143492Z
ARKF,2022-01-01T03:45:18.512495Z
ARKK,2022-01-01T03:44:00.308019Z
M2K,2022-01-01T03:42:31.400660Z
MES,2022-01-01T03:40:37.170407Z
MNQ,2022-01-01T03:38:48.933750Z
IWM,2021-12-31T03:33:30.521607Z
SPY,2021-12-31T03:32:42.284791Z
QQQ,2021-12-31T03:32:12.413413Z
ARKX,2021-12-31T03:31:30.556368Z
ARKF,2021-12-31T03:30:48.028361Z
ARKK,2021-12-31T03:30:18.831364Z
M2K,2021-12-31T03:29:36.711077Z
MES,2021-12-31T03:28:30.952130Z
MNQ,2021-12-31T03:27:31.084614Z
IWM,2021-12-30T04:40:46.995124Z
SPY,2021-12-30T04:39:58.842953Z
QQQ,2021-12-30T04:39:28.758387Z
ARKX,2021-12-30T04:38:47.028402Z
ARKF,2021-12-30T04:37:58.478077Z
ARKK,2021-12-30T04:37:29.007379Z
M2K,2021-12-30T04:36:47.370130Z
MES,2021-12-30T04:35:47.402387Z
MNQ,2021-12-30T04:35:20.532253Z
IWM,2021-12-29T05:20:36.204358Z
SPY,2021-12-29T05:19:54.242045Z
QQQ,2021-12-29T05:19:24.689978Z
ARKX,2021-12-29T05:18:36.508351Z
ARKF,2021-12-29T05:18:06.122220Z
ARKK,2021-12-29T05:17:24.812378Z
M2K,2021-12-29T05:16:42.492372Z
MES,2021-12-29T05:15:31.080519Z
MNQ,2021-12-29T05:14:25.117667Z
IWM,2021-12-28T04:25:19.160614Z
SPY,2021-12-28T04:24:37.150208Z
QQQ,2021-12-28T04:24:07.614324Z
ARKX,2021-12-28T04:23:19.322868Z
ARKF,2021-12-28T04:22:43.271879Z
ARKK,2021-12-28T04:22:07.688145Z
M2K,2021-12-28T04:21:19.932204Z
MES,2021-12-28T04:20:13.784612Z
MNQ,2021-12-28T04:19:08.551026Z
IWM,2021-12-24T03:39:33.218581Z
SPY,2021-12-24T03:38:21.622032Z
QQQ,2021-12-24T03:37:15.248224Z
ARKX,2021-12-24T03:35:33.058063Z
ARKF,2021-12-24T03:34:21.311229Z
ARKK,2021-12-24T03:33:15.676163Z
M2K,2021-12-24T03:31:27.760567Z
MES,2021-12-24T03:29:33.915335Z
MNQ,2021-12-24T03:27:45.908748Z
IWM,2021-12-23T01:05:45.100676Z
SPY,2021-12-23T01:04:51.128465Z
QQQ,2021-12-23T01:04:03.466188Z
ARKX,2021-12-23T01:03:45.129982Z
ARKF,2021-12-23T01:02:50.994529Z
ARKK,2021-12-23T01:02:09.264465Z
M2K,2021-12-23T01:01:45.542197Z
MES,2021-12-23T01:00:45.420137Z
MNQ,2021-12-23T00:59:49.290579Z
IWM,2021-12-22T01:54:08.633046Z
SPY,2021-12-22T01:53:26.887885Z
QQQ,2021-12-22T01:52:38.596119Z
ARKX,2021-12-22T01:52:20.865184Z
ARKF,2021-12-22T01:51:26.523163Z
ARKK,2021-12-22T01:50:38.826612Z
M2K,2021-12-22T01:50:21.347348Z
MES,2021-12-22T01:49:20.878645Z
MNQ,2021-12-22T01:48:21.302140Z
IWM,2021-12-20T22:56:26.250992Z
SPY,2021-12-20T22:55:02.574890Z
QQQ,2021-12-20T22:53:50.706165Z
ARKX,2021-12-20T22:52:44.338904Z
ARKF,2021-12-20T22:51:38.587353Z
ARKK,2021-12-20T22:50:21.085956Z
M2K,2021-12-20T22:48:56.807494Z
MES,2021-12-20T22:48:02.382587Z
MNQ,2021-12-20T22:47:14.852006Z
IWM,2021-12-18T07:36:14.033402Z
SPY,2021-12-18T07:35:02.266689Z
QQQ,2021-12-18T07:33:37.838936Z
ARKX,2021-12-18T07:32:13.708339Z
ARKF,2021-12-18T07:31:01.887652Z
ARKK,2021-12-18T07:29:44.051194Z
M2K,2021-12-18T07:28:14.496917Z
MES,2021-12-18T07:26:20.375002Z
MNQ,2021-12-18T07:24:31.973548Z
IWM,2021-12-17T01:40:12.932147Z
SPY,2021-12-17T01:39:01.104979Z
QQQ,2021-12-17T01:37:48.900999Z
ARKX,2021-12-17T01:36:19.182680Z
ARKF,2021-12-17T01:35:00.809131Z
ARKK,2021-12-17T01:33:49.373317Z
M2K,2021-12-17T01:32:37.550119Z
MES,2021-12-17T01:30:49.440037Z
MNQ,2021-12-17T01:28:54.942424Z
MNQ,2021-12-17T01:23:30.199800Z
IWM,2021-12-16T01:37:02.673425Z
SPY,2021-12-16T01:36:21.595764Z
QQQ,2021-12-16T01:35:38.623333Z
ARKX,2021-12-16T01:35:20.881905Z
ARKF,2021-12-16T01:34:26.328881Z
ARKK,2021-12-16T01:33:38.920817Z
M2K,2021-12-16T01:33:20.935501Z
MES,2021-12-16T01:32:20.890248Z
MNQ,2021-12-16T01:31:20.929616Z
IWM,2021-12-14T22:47:18.689298Z
SPY,2021-12-14T22:46:06.319925Z
QQQ,2021-12-14T22:44:42.210385Z
ARKX,2021-12-14T22:43:30.462471Z
ARKF,2021-12-14T22:42:18.640003Z
ARKK,2021-12-14T22:41:18.491083Z
M2K,2021-12-14T22:39:48.592866Z
MES,2021-12-14T22:39:00.260409Z
MNQ,2021-12-14T22:38:18.961112Z
IWM,2021-12-14T04:03:09.770952Z
SPY,2021-12-14T04:02:21.387443Z
QQQ,2021-12-14T04:01:57.609584Z
ARKX,2021-12-14T04:01:15.548035Z
ARKF,2021-12-14T04:00:27.347264Z
ARKK,2021-12-14T04:00:09.914053Z
M2K,2021-12-14T03:59:15.857079Z
MES,2021-12-14T03:58:10.246030Z
MNQ,2021-12-14T03:57:10.536551Z
IWM,2021-12-10T22:32:48.084623Z
SPY,2021-12-10T22:31:29.854978Z
QQQ,2021-12-10T22:30:24.144437Z
ARKX,2021-12-10T22:29:11.922053Z
ARKF,2021-12-10T22:28:11.996950Z
ARKK,2021-12-10T22:26:55.745274Z
M2K,2021-12-10T22:25:30.806661Z
MES,2021-12-10T22:23:36.454630Z
MNQ,2021-12-10T22:21:54.708440Z
IWM,2021-12-10T01:25:00.903528Z
SPY,2021-12-10T01:24:20.413117Z
QQQ,2021-12-10T01:23:36.882251Z
ARKX,2021-12-10T01:23:19.698068Z
ARKF,2021-12-10T01:22:25.018894Z
ARKK,2021-12-10T01:21:37.249304Z
M2K,2021-12-10T01:21:19.273726Z
MES,2021-12-10T01:20:19.187041Z
MNQ,2021-12-10T01:19:19.594907Z
IWM,2021-12-09T01:28:02.807046Z
SPY,2021-12-09T01:27:08.828514Z
QQQ,2021-12-09T01:26:20.800103Z
ARKX,2021-12-09T01:26:03.572124Z
ARKF,2021-12-09T01:25:10.199860Z
ARKK,2021-12-09T01:24:26.939644Z
M2K,2021-12-09T01:24:03.181588Z
MES,2021-12-09T01:23:03.096616Z
MNQ,2021-12-09T01:22:03.478037Z
IWM,2021-12-07T23:08:01.001563Z
SPY,2021-12-07T23:06:42.625876Z
QQQ,2021-12-07T23:05:19.044971Z
ARKX,2021-12-07T23:04:07.182178Z
ARKF,2021-12-07T23:03:01.092490Z
ARKK,2021-12-07T23:01:48.893722Z
M2K,2021-12-07T23:00:19.034355Z
MES,2021-12-07T22:59:25.084438Z
MNQ,2021-12-07T22:58:37.143727Z
IWM,2021-12-07T07:59:13.104521Z
SPY,2021-12-07T07:58:49.625953Z
QQQ,2021-12-07T07:58:01.401557Z
ARKX,2021-12-07T07:57:19.141882Z
ARKF,2021-12-07T07:56:49.259096Z
ARKK,2021-12-07T07:56:01.607293Z
M2K,2021-12-07T07:55:25.991727Z
MES,2021-12-07T07:54:02.048408Z
MNQ,2021-12-07T07:52:56.063149Z
IWM,2021-12-04T15:53:42.866910Z
SPY,2021-12-04T15:51:43.326957Z
QQQ,2021-12-04T15:49:43.031248Z
ARKX,2021-12-04T15:47:43.008209Z
ARKF,2021-12-04T15:45:43.008729Z
ARKK,2021-12-04T15:43:49.207608Z
M2K,2021-12-04T15:41:49.202001Z
MES,2021-12-04T15:38:55.707135Z
MNQ,2021-12-04T15:36:07.240026Z
IWM,2021-12-03T06:08:33.107454Z
SPY,2021-12-03T06:08:15.352858Z
QQQ,2021-12-03T06:07:21.129297Z
ARKX,2021-12-03T06:06:33.267525Z
ARKF,2021-12-03T06:06:15.202364Z
ARKK,2021-12-03T06:05:21.289581Z
M2K,2021-12-03T06:04:39.516902Z
MES,2021-12-03T06:03:27.828142Z
MNQ,2021-12-03T06:02:16.187795Z
IWM,2021-12-01T22:43:54.444554Z
SPY,2021-12-01T22:42:30.053341Z
QQQ,2021-12-01T22:41:11.988947Z
ARKX,2021-12-01T22:40:00.209077Z
ARKF,2021-12-01T22:38:54.484849Z
ARKK,2021-12-01T22:37:54.681138Z
M2K,2021-12-01T22:36:18.248037Z
MES,2021-12-01T22:35:18.121287Z
MNQ,2021-12-01T22:34:30.426831Z
IWM,2021-11-30T23:05:47.926452Z
SPY,2021-11-30T23:04:23.776152Z
QQQ,2021-11-30T23:03:06.080398Z
ARKX,2021-11-30T23:01:53.990949Z
ARKF,2021-11-30T23:00:47.785583Z
ARKK,2021-11-30T22:59:36.410191Z
M2K,2021-11-30T22:58:12.244223Z
MES,2021-11-30T22:57:17.908601Z
MNQ,2021-11-30T22:56:30.187540Z
IWM,2021-11-30T00:47:46.765003Z
SPY,2021-11-30T00:46:17.059395Z
QQQ,2021-11-30T00:45:05.165997Z
ARKX,2021-11-30T00:43:58.975764Z
ARKF,2021-11-30T00:42:52.637641Z
ARKK,2021-11-30T00:41:47.781664Z
M2K,2021-11-30T00:40:46.907264Z
MES,2021-11-30T00:39:46.826540Z
MNQ,2021-11-30T00:38:47.180686Z
IWM,2021-09-15T21:29:54.310772Z
SPY,2021-09-15T21:28:30.361956Z
QQQ,2021-09-15T21:27:18.380955Z
ARKX,2021-09-15T21:26:12.042067Z
ARKF,2021-09-15T21:25:07.558621Z
ARKK,2021-09-15T21:23:54.701484Z
M2K,2021-09-15T21:22:30.238856Z
MES,2021-09-15T21:21:30.019516Z
MNQ,2021-09-15T21:20:47.541367Z
IWM,2021-09-14T21:29:48.340283Z
SPY,2021-09-14T21:28:24.698264Z
QQQ,2021-09-14T21:27:18.351888Z
ARKX,2021-09-14T21:26:12.873286Z
ARKF,2021-09-14T21:25:06.511479Z
ARKK,2021-09-14T21:23:48.513705Z
M2K,2021-09-14T21:22:24.772881Z
MES,2021-09-14T21:21:30.930012Z
MNQ,2021-09-14T21:20:42.674121Z
IWM,2021-09-13T21:29:48.594365Z
SPY,2021-09-13T21:28:24.633335Z
QQQ,2021-09-13T21:27:18.593428Z
ARKX,2021-09-13T21:26:12.596370Z
ARKF,2021-09-13T21:25:06.840413Z
ARKK,2021-09-13T21:23:48.680583Z
M2K,2021-09-13T21:22:24.709838Z
MES,2021-09-13T21:21:31.648443Z
MNQ,2021-09-13T21:20:46.030572Z
IWM,2021-09-10T21:32:39.537895Z
SPY,2021-09-10T21:31:21.947846Z
QQQ,2021-09-10T21:30:15.703022Z
ARKX,2021-09-10T21:29:05.969355Z
ARKF,2021-09-10T21:28:03.501237Z
ARKK,2021-09-10T21:26:39.672354Z
M2K,2021-09-10T21:25:22.004768Z
MES,2021-09-10T21:23:27.980072Z
MNQ,2021-09-10T21:21:46.230076Z
IWM,2021-09-10T03:55:04.314642Z
SPY,2021-09-10T03:54:22.281990Z
QQQ,2021-09-10T03:53:58.498127Z
ARKX,2021-09-10T03:53:04.625493Z
ARKF,2021-09-10T03:52:22.060163Z
ARKK,2021-09-10T03:51:58.654308Z
M2K,2021-09-10T03:51:10.749756Z
MES,2021-09-10T03:50:04.940816Z
MNQ,2021-09-10T03:49:04.123001Z
IWM,2021-09-08T22:06:30.884516Z
SPY,2021-09-08T22:05:30.492790Z
QQQ,2021-09-08T22:03:54.765577Z
ARKX,2021-09-08T22:02:42.653519Z
ARKF,2021-09-08T22:01:36.275912Z
ARKK,2021-09-08T22:00:30.732230Z
M2K,2021-09-08T21:59:12.519626Z
MES,2021-09-08T21:58:18.570206Z
MNQ,2021-09-08T21:57:27.073582Z
IWM,2021-09-07T21:59:35.210537Z
SPY,2021-09-07T21:58:11.185502Z
QQQ,2021-09-07T21:56:53.447795Z
ARKX,2021-09-07T21:55:47.261688Z
ARKF,2021-09-07T21:54:35.224572Z
ARKK,2021-09-07T21:53:35.743353Z
M2K,2021-09-07T21:51:59.534085Z
MES,2021-09-07T21:51:11.236240Z
MNQ,2021-09-07T21:50:31.616800Z
IWM,2021-09-03T21:50:26.402373Z
SPY,2021-09-03T21:49:08.272550Z
QQQ,2021-09-03T21:48:02.527479Z
ARKX,2021-09-03T21:46:50.775937Z
ARKF,2021-09-03T21:45:50.155881Z
ARKK,2021-09-03T21:44:26.768288Z
M2K,2021-09-03T21:43:08.861791Z
MES,2021-09-03T21:41:15.813763Z
MNQ,2021-09-03T21:39:32.175334Z
IWM,2021-09-02T21:16:08.676468Z
SPY,2021-09-02T21:14:38.600996Z
QQQ,2021-09-02T21:13:27.093868Z
ARKX,2021-09-02T21:12:15.211145Z
ARKF,2021-09-02T21:11:08.607022Z
ARKK,2021-09-02T21:10:08.839643Z
M2K,2021-09-02T21:08:38.643953Z
MES,2021-09-02T21:07:44.690772Z
MNQ,2021-09-02T21:06:57.055833Z
IWM,2021-09-01T21:23:32.570504Z
SPY,2021-09-01T21:21:56.881425Z
QQQ,2021-09-01T21:20:44.634335Z
ARKX,2021-09-01T21:19:38.616735Z
ARKF,2021-09-01T21:18:32.507251Z
ARKK,2021-09-01T21:17:20.782970Z
M2K,2021-09-01T21:15:56.631450Z
MES,2021-09-01T21:15:02.647549Z
MNQ,2021-09-01T21:14:14.837846Z
IWM,2021-09-01T04:03:31.335420Z
SPY,2021-09-01T04:02:48.734950Z
QQQ,2021-09-01T04:02:30.740722Z
ARKX,2021-09-01T04:01:39.104514Z
ARKF,2021-09-01T04:00:48.760786Z
ARKK,2021-09-01T04:00:31.379852Z
M2K,2021-09-01T03:59:37.256415Z
MES,2021-09-01T03:58:31.589974Z
MNQ,2021-09-01T03:57:31.533935Z
IWM,2021-08-30T22:27:50.119775Z
SPY,2021-08-30T22:26:49.942656Z
QQQ,2021-08-30T22:25:13.812065Z
ARKX,2021-08-30T22:24:02.081884Z
ARKF,2021-08-30T22:22:55.797774Z
ARKK,2021-08-30T22:21:49.975153Z
M2K,2021-08-30T22:20:19.860736Z
MES,2021-08-30T22:19:25.851736Z
MNQ,2021-08-30T22:18:31.812699Z
ARKF,2021-08-30T22:08:30.400909Z
ARKK,2021-08-30T22:07:24.746207Z
M2K,2021-08-30T22:06:06.573318Z
MES,2021-08-30T22:05:12.536697Z
MNQ,2021-08-30T22:04:24.794900Z
IWM,2021-08-27T23:39:34.350847Z
SPY,2021-08-27T23:38:33.683497Z
QQQ,2021-08-27T23:36:52.031422Z
ARKX,2021-08-27T23:35:40.102786Z
ARKF,2021-08-27T23:34:33.534915Z
ARKK,2021-08-27T23:33:10.045510Z
M2K,2021-08-27T23:31:51.655152Z
MES,2021-08-27T23:29:52.026554Z
MNQ,2021-08-27T23:28:04.391304Z
IWM,2021-08-27T03:15:24.417124Z
SPY,2021-08-27T03:14:54.374336Z
QQQ,2021-08-27T03:14:12.725281Z
ARKX,2021-08-27T03:13:24.112451Z
ARKF,2021-08-27T03:12:48.185015Z
ARKK,2021-08-27T03:12:12.931095Z
M2K,2021-08-27T03:11:24.520423Z
MES,2021-08-27T03:10:18.485713Z
MNQ,2021-08-27T03:09:12.872910Z
IWM,2021-08-26T01:49:58.892546Z
SPY,2021-08-26T01:49:05.202556Z
QQQ,2021-08-26T01:48:23.050745Z
ARKX,2021-08-26T01:47:59.016787Z
ARKF,2021-08-26T01:47:10.590049Z
ARKK,2021-08-26T01:46:29.137282Z
M2K,2021-08-26T01:45:59.407870Z
MES,2021-08-26T01:44:59.260698Z
MNQ,2021-08-26T01:43:59.607682Z
IWM,2021-08-24T21:43:51.627586Z
SPY,2021-08-24T21:42:39.185550Z
QQQ,2021-08-24T21:41:15.360747Z
ARKX,2021-08-24T21:40:03.465534Z
ARKF,2021-08-24T21:38:56.835749Z
ARKK,2021-08-24T21:37:51.509759Z
M2K,2021-08-24T21:36:33.615474Z
MES,2021-08-24T21:35:51.559695Z
MNQ,2021-08-24T21:34:51.889534Z
IWM,2021-08-23T23:18:18.532589Z
SPY,2021-08-23T23:17:06.566930Z
QQQ,2021-08-23T23:16:01.054147Z
ARKX,2021-08-23T23:14:24.794066Z
ARKF,2021-08-23T23:13:12.565148Z
ARKK,2021-08-23T23:12:01.275969Z
M2K,2021-08-23T23:10:49.068625Z
MES,2021-08-23T23:09:48.574579Z
MNQ,2021-08-23T23:08:48.896687Z
IWM,2021-08-21T00:14:50.254915Z
SPY,2021-08-21T00:13:39.059322Z
QQQ,2021-08-21T00:12:14.300632Z
ARKX,2021-08-21T00:10:50.324537Z
ARKF,2021-08-21T00:09:38.567877Z
ARKK,2021-08-21T00:08:20.653036Z
M2K,2021-08-21T00:06:51.928143Z
MES,2021-08-21T00:04:56.930508Z
MNQ,2021-08-21T00:03:08.854158Z
M2K,2021-08-20T22:29:37.925235Z
MES,2021-08-20T22:27:43.523838Z
MNQ,2021-08-20T22:25:55.586483Z
IWM,2021-08-20T00:09:08.669334Z
SPY,2021-08-20T00:08:27.017282Z
QQQ,2021-08-20T00:07:44.892961Z
ARKX,2021-08-20T00:07:26.743658Z
ARKF,2021-08-20T00:06:32.636029Z
ARKK,2021-08-20T00:05:45.066884Z
M2K,2021-08-20T00:05:27.324306Z
MES,2021-08-20T00:04:27.267388Z
MNQ,2021-08-20T00:03:28.744096Z
IWM,2021-08-18T21:48:12.898600Z
SPY,2021-08-18T21:46:18.907962Z
QQQ,2021-08-18T21:44:38.064080Z
ARKX,2021-08-18T21:43:01.069482Z
ARKF,2021-08-18T21:41:00.733055Z
ARKK,2021-08-18T21:39:06.851862Z
M2K,2021-08-18T21:37:13.119088Z
MES,2021-08-18T21:35:19.190888Z
MNQ,2021-08-18T21:33:25.238884Z
ARKF,2021-08-18T21:25:06.038688Z
ARKK,2021-08-18T21:23:48.431901Z
M2K,2021-08-18T21:22:24.231243Z
MES,2021-08-18T21:21:30.142664Z
MNQ,2021-08-18T21:20:47.875871Z
IWM,2021-08-18T16:37:00.887059Z
SPY,2021-08-18T16:35:25.023542Z
QQQ,2021-08-18T16:33:49.184997Z
ARKX,2021-08-18T16:32:00.939018Z
ARKF,2021-08-18T16:30:36.646521Z
ARKK,2021-08-18T16:28:54.814945Z
M2K,2021-08-18T16:27:07.002976Z
MES,2021-08-18T16:25:49.107532Z
MNQ,2021-08-18T16:24:00.615477Z
IWM,2021-08-18T16:13:29.404565Z
SPY,2021-08-18T16:12:38.352171Z
QQQ,2021-08-18T16:11:28.730476Z
ARKX,2021-08-18T16:10:33.970230Z
ARKF,2021-08-18T16:09:32.923576Z
ARKK,2021-08-18T16:08:28.404330Z
M2K,2021-08-18T16:07:28.349949Z
MES,2021-08-18T16:06:40.293995Z
MNQ,2021-08-18T16:05:51.677399Z
IWM,2021-08-16T21:29:54.490769Z
SPY,2021-08-16T21:28:30.814316Z
QQQ,2021-08-16T21:27:19.008168Z
ARKX,2021-08-16T21:26:12.662138Z
ARKF,2021-08-16T21:25:06.582028Z
ARKK,2021-08-16T21:23:55.091096Z
M2K,2021-08-16T21:22:30.605058Z
MES,2021-08-16T21:21:36.570669Z
MNQ,2021-08-16T21:20:48.843117Z
IWM,2021-08-13T21:47:36.435027Z
SPY,2021-08-13T21:46:24.166136Z
QQQ,2021-08-13T21:45:18.349014Z
ARKX,2021-08-13T21:44:12.247277Z
ARKF,2021-08-13T21:43:12.156982Z
ARKK,2021-08-13T21:41:36.187011Z
M2K,2021-08-13T21:40:24.797153Z
MES,2021-08-13T21:38:30.899695Z
MNQ,2021-08-13T21:36:48.264556Z
IWM,2021-08-13T00:18:57.125716Z
SPY,2021-08-13T00:18:03.106463Z
QQQ,2021-08-13T00:17:15.271179Z
ARKX,2021-08-13T00:16:57.092203Z
ARKF,2021-08-13T00:16:03.121322Z
ARKK,2021-08-13T00:15:20.894807Z
M2K,2021-08-13T00:14:57.380516Z
MES,2021-08-13T00:13:57.620632Z
MNQ,2021-08-13T00:12:57.610176Z
IWM,2021-08-11T21:29:48.091582Z
SPY,2021-08-11T21:28:24.140120Z
QQQ,2021-08-11T21:27:18.288566Z
ARKX,2021-08-11T21:26:12.252846Z
ARKF,2021-08-11T21:25:06.155653Z
ARKK,2021-08-11T21:23:48.421723Z
M2K,2021-08-11T21:22:24.187312Z
MES,2021-08-11T21:21:30.622959Z
MNQ,2021-08-11T21:20:42.154273Z
IWM,2021-08-10T22:07:54.298962Z
SPY,2021-08-10T22:06:42.392613Z
QQQ,2021-08-10T22:05:12.402159Z
ARKX,2021-08-10T22:04:06.173912Z
ARKF,2021-08-10T22:02:54.220224Z
ARKK,2021-08-10T22:01:54.498743Z
M2K,2021-08-10T22:00:18.453450Z
MES,2021-08-10T21:59:18.197979Z
MNQ,2021-08-10T21:58:30.620306Z
IWM,2021-08-09T21:30:30.984832Z
SPY,2021-08-09T21:29:06.706067Z
QQQ,2021-08-09T21:28:00.860384Z
ARKX,2021-08-09T21:26:54.611477Z
ARKF,2021-08-09T21:25:48.702876Z
ARKK,2021-08-09T21:24:31.137702Z
M2K,2021-08-09T21:23:06.862081Z
MES,2021-08-09T21:22:12.724540Z
MNQ,2021-08-09T21:21:45.256692Z
IWM,2021-08-06T22:25:10.503160Z
SPY,2021-08-06T22:23:34.888048Z
QQQ,2021-08-06T22:22:22.802018Z
ARKX,2021-08-06T22:21:16.576859Z
ARKF,2021-08-06T22:20:10.514994Z
ARKK,2021-08-06T22:18:40.463860Z
M2K,2021-08-06T22:17:23.384033Z
MES,2021-08-06T22:15:29.297038Z
MNQ,2021-08-06T22:13:41.105526Z
IWM,2021-08-05T21:29:47.750329Z
SPY,2021-08-05T21:28:23.663437Z
QQQ,2021-08-05T21:27:17.659078Z
ARKX,2021-08-05T21:26:11.395802Z
ARKF,2021-08-05T21:25:05.368301Z
ARKK,2021-08-05T21:23:47.609197Z
M2K,2021-08-05T21:22:23.827886Z
MES,2021-08-05T21:21:29.675232Z
MNQ,2021-08-05T21:20:47.211358Z
IWM,2021-08-05T21:12:12.962260Z
SPY,2021-08-05T21:10:49.100657Z
QQQ,2021-08-05T21:09:42.922478Z
ARKX,2021-08-05T21:08:36.666538Z
ARKF,2021-08-05T21:07:30.602321Z
ARKK,2021-08-05T21:06:12.827035Z
M2K,2021-08-05T21:04:49.047002Z
MES,2021-08-05T21:03:54.956493Z
MNQ,2021-08-05T21:03:27.441185Z
IWM,2021-08-05T00:47:40.315291Z
SPY,2021-08-05T00:46:58.328990Z
QQQ,2021-08-05T00:46:10.553154Z
ARKX,2021-08-05T00:45:52.520606Z
ARKF,2021-08-05T00:44:58.203680Z
ARKK,2021-08-05T00:44:10.442266Z
M2K,2021-08-05T00:43:52.688299Z
MES,2021-08-05T00:42:52.649955Z
MNQ,2021-08-05T00:41:53.054990Z
IWM,2021-08-03T21:29:50.637382Z
SPY,2021-08-03T21:28:26.665264Z
QQQ,2021-08-03T21:27:20.586426Z
ARKX,2021-08-03T21:26:14.691241Z
ARKF,2021-08-03T21:25:08.588148Z
ARKK,2021-08-03T21:23:50.975440Z
M2K,2021-08-03T21:22:26.513491Z
MES,2021-08-03T21:21:32.379343Z
MNQ,2021-08-03T21:20:50.629690Z
IWM,2021-08-03T00:13:40.034656Z
SPY,2021-08-03T00:12:46.057977Z
QQQ,2021-08-03T00:11:57.936217Z
ARKX,2021-08-03T00:11:40.181075Z
ARKF,2021-08-03T00:10:45.748555Z
ARKK,2021-08-03T00:09:58.119779Z
M2K,2021-08-03T00:09:40.426884Z
MES,2021-08-03T00:08:40.407807Z
MNQ,2021-08-03T00:07:40.298520Z
IWM,2021-07-30T23:42:32.881526Z
SPY,2021-07-30T23:41:32.586434Z
QQQ,2021-07-30T23:39:50.990719Z
ARKX,2021-07-30T23:38:38.514514Z
ARKF,2021-07-30T23:37:32.482306Z
ARKK,2021-07-30T23:36:08.960133Z
M2K,2021-07-30T23:34:45.345248Z
MES,2021-07-30T23:32:51.197516Z
MNQ,2021-07-30T23:31:02.778695Z
IWM,2021-07-29T21:29:53.096126Z
SPY,2021-07-29T21:28:29.140049Z
QQQ,2021-07-29T21:27:23.275733Z
ARKX,2021-07-29T21:26:17.074704Z
ARKF,2021-07-29T21:25:11.059560Z
ARKK,2021-07-29T21:23:53.657127Z
M2K,2021-07-29T21:22:29.192041Z
MES,2021-07-29T21:21:35.132151Z
MNQ,2021-07-29T21:20:47.458145Z
IWM,2021-07-29T00:45:00.286586Z
SPY,2021-07-29T00:44:06.250076Z
QQQ,2021-07-29T00:43:18.487531Z
ARKX,2021-07-29T00:43:00.282305Z
ARKF,2021-07-29T00:42:06.209769Z
ARKK,2021-07-29T00:41:18.630755Z
M2K,2021-07-29T00:41:00.719897Z
MES,2021-07-29T00:40:00.651306Z
MNQ,2021-07-29T00:39:00.646814Z
IWM,2021-07-27T22:34:33.969650Z
SPY,2021-07-27T22:33:33.633650Z
QQQ,2021-07-27T22:31:57.883130Z
ARKX,2021-07-27T22:30:45.952942Z
ARKF,2021-07-27T22:29:39.906304Z
ARKK,2021-07-27T22:28:34.248432Z
M2K,2021-07-27T22:27:03.918248Z
MES,2021-07-27T22:26:09.642676Z
MNQ,2021-07-27T22:25:30.134371Z
IWM,2021-07-26T21:29:51.928630Z
SPY,2021-07-26T21:28:27.924789Z
QQQ,2021-07-26T21:27:16.451694Z
ARKX,2021-07-26T21:26:10.190400Z
ARKF,2021-07-26T21:25:04.019675Z
ARKK,2021-07-26T21:23:52.540620Z
M2K,2021-07-26T21:22:28.231775Z
MES,2021-07-26T21:21:28.046931Z
MNQ,2021-07-26T21:21:00.495924Z
IWM,2021-07-23T21:32:49.020563Z
SPY,2021-07-23T21:31:36.418439Z
QQQ,2021-07-23T21:30:31.311736Z
ARKX,2021-07-23T21:29:25.238018Z
ARKF,2021-07-23T21:28:24.082309Z
ARKK,2021-07-23T21:26:48.452314Z
M2K,2021-07-23T21:25:36.942533Z
MES,2021-07-23T21:23:42.797912Z
MNQ,2021-07-23T21:21:55.134043Z
IWM,2021-07-22T21:48:33.686366Z
SPY,2021-07-22T21:46:57.717332Z
QQQ,2021-07-22T21:45:46.027482Z
ARKX,2021-07-22T21:44:39.713650Z
ARKF,2021-07-22T21:43:33.772549Z
ARKK,2021-07-22T21:42:34.017119Z
M2K,2021-07-22T21:40:57.736240Z
MES,2021-07-22T21:40:09.720469Z
MNQ,2021-07-22T21:39:30.248218Z
IWM,2021-07-21T21:37:36.812177Z
SPY,2021-07-21T21:36:07.980130Z
QQQ,2021-07-21T21:35:02.109579Z
ARKX,2021-07-21T21:33:55.971467Z
ARKF,2021-07-21T21:32:49.887800Z
ARKK,2021-07-21T21:31:32.216601Z
M2K,2021-07-21T21:30:07.956219Z
MES,2021-07-21T21:29:13.902559Z
MNQ,2021-07-21T21:28:26.219186Z
IWM,2021-07-20T21:32:04.569687Z
SPY,2021-07-20T21:30:40.558275Z
QQQ,2021-07-20T21:29:34.763239Z
ARKX,2021-07-20T21:28:28.490852Z
ARKF,2021-07-20T21:27:22.955910Z
ARKK,2021-07-20T21:26:04.822155Z
M2K,2021-07-20T21:24:40.930857Z
MES,2021-07-20T21:23:46.559206Z
MNQ,2021-07-20T21:23:19.072276Z
IWM,2021-07-20T03:43:52.483705Z
SPY,2021-07-20T03:43:04.170118Z
QQQ,2021-07-20T03:42:34.203831Z
ARKX,2021-07-20T03:41:52.553033Z
ARKF,2021-07-20T03:41:04.166252Z
ARKK,2021-07-20T03:40:40.628035Z
M2K,2021-07-20T03:39:53.062242Z
MES,2021-07-20T03:38:53.096092Z
MNQ,2021-07-20T03:38:48.511514Z
IWM,2021-07-16T21:34:20.572075Z
SPY,2021-07-16T21:33:08.707907Z
QQQ,2021-07-16T21:32:02.934888Z
ARKX,2021-07-16T21:30:56.526840Z
ARKF,2021-07-16T21:29:56.532330Z
ARKK,2021-07-16T21:28:20.748843Z
M2K,2021-07-16T21:27:09.100963Z
MES,2021-07-16T21:25:15.014214Z
MNQ,2021-07-16T21:23:27.210473Z
IWM,2021-07-15T21:29:47.979805Z
SPY,2021-07-15T21:28:24.004540Z
QQQ,2021-07-15T21:27:18.176211Z
ARKX,2021-07-15T21:26:12.039362Z
ARKF,2021-07-15T21:25:06.013178Z
ARKK,2021-07-15T21:23:48.196031Z
M2K,2021-07-15T21:22:24.144145Z
MES,2021-07-15T21:21:30.331573Z
MNQ,2021-07-15T21:20:42.224772Z
IWM,2021-07-14T21:29:54.849698Z
SPY,2021-07-14T21:28:30.499513Z
QQQ,2021-07-14T21:27:18.697793Z
ARKX,2021-07-14T21:26:12.564332Z
ARKF,2021-07-14T21:25:06.498898Z
ARKK,2021-07-14T21:23:54.781883Z
M2K,2021-07-14T21:22:30.551474Z
MES,2021-07-14T21:21:36.715037Z
MNQ,2021-07-14T21:20:43.976810Z
IWM,2021-07-13T21:29:57.459101Z
SPY,2021-07-13T21:28:27.407226Z
QQQ,2021-07-13T21:27:15.604754Z
ARKX,2021-07-13T21:26:03.611574Z
ARKF,2021-07-13T21:24:57.643024Z
ARKK,2021-07-13T21:23:57.784491Z
M2K,2021-07-13T21:22:27.441156Z
MES,2021-07-13T21:21:33.367849Z
MNQ,2021-07-13T21:20:53.637576Z
IWM,2021-07-12T23:59:27.965465Z
SPY,2021-07-12T23:58:16.226528Z
QQQ,2021-07-12T23:57:10.157814Z
ARKX,2021-07-12T23:55:33.686029Z
ARKF,2021-07-12T23:54:21.837112Z
ARKK,2021-07-12T23:53:10.085785Z
M2K,2021-07-12T23:52:06.121544Z
MES,2021-07-12T23:50:33.918511Z
MNQ,2021-07-12T23:49:33.787777Z
IWM,2021-07-10T01:29:18.474647Z
SPY,2021-07-10T01:28:06.674988Z
QQQ,2021-07-10T01:26:42.239004Z
ARKX,2021-07-10T01:25:18.508314Z
ARKF,2021-07-10T01:24:06.870364Z
ARKK,2021-07-10T01:22:48.538328Z
M2K,2021-07-10T01:21:18.976295Z
MES,2021-07-10T01:19:24.877482Z
MNQ,2021-07-10T01:17:36.827107Z
IWM,2021-07-08T21:58:45.953930Z
SPY,2021-07-08T21:57:09.958728Z
QQQ,2021-07-08T21:55:58.190471Z
ARKX,2021-07-08T21:54:51.845467Z
ARKF,2021-07-08T21:53:45.882972Z
ARKK,2021-07-08T21:52:27.930662Z
M2K,2021-07-08T21:51:04.121932Z
MES,2021-07-08T21:50:09.699743Z
MNQ,2021-07-08T21:49:42.199980Z
IWM,2021-07-07T22:29:56.444405Z
SPY,2021-07-07T22:28:55.716172Z
QQQ,2021-07-07T22:27:19.993040Z
ARKX,2021-07-07T22:26:07.884719Z
ARKF,2021-07-07T22:25:01.561021Z
ARKK,2021-07-07T22:23:56.071926Z
M2K,2021-07-07T22:22:25.762508Z
MES,2021-07-07T22:21:31.739511Z
MNQ,2021-07-07T22:20:52.251050Z
IWM,2021-07-06T21:34:53.291269Z
SPY,2021-07-06T21:33:17.340542Z
QQQ,2021-07-06T21:32:05.515227Z
ARKX,2021-07-06T21:30:59.270710Z
ARKF,2021-07-06T21:29:53.421028Z
ARKK,2021-07-06T21:28:53.822284Z
M2K,2021-07-06T21:27:17.343749Z
MES,2021-07-06T21:26:23.321787Z
MNQ,2021-07-06T21:25:49.897547Z
M2K,2021-07-06T21:22:24.569524Z
MES,2021-07-06T21:21:30.512791Z
MNQ,2021-07-06T21:20:47.119410Z
IWM,2021-07-05T21:30:12.299234Z
SPY,2021-07-05T21:28:48.082311Z
QQQ,2021-07-05T21:27:24.379422Z
ARKX,2021-07-05T21:26:12.273770Z
ARKF,2021-07-05T21:24:53.960795Z
ARKK,2021-07-05T21:23:24.399790Z
M2K,2021-07-05T21:22:12.514887Z
MES,2021-07-05T21:21:24.368265Z
MNQ,2021-07-05T21:20:36.535560Z
IWM,2021-07-02T21:54:16.529611Z
SPY,2021-07-02T21:53:04.058425Z
QQQ,2021-07-02T21:51:52.647489Z
ARKX,2021-07-02T21:50:46.540677Z
ARKF,2021-07-02T21:49:45.881853Z
ARKK,2021-07-02T21:48:10.370745Z
M2K,2021-07-02T21:46:58.938992Z
MES,2021-07-02T21:45:04.875518Z
MNQ,2021-07-02T21:43:16.874871Z
IWM,2021-07-02T01:31:04.237456Z
SPY,2021-07-02T01:30:09.768845Z
QQQ,2021-07-02T01:29:27.893458Z
ARKX,2021-07-02T01:29:04.205195Z
ARKF,2021-07-02T01:28:15.372923Z
ARKK,2021-07-02T01:27:34.459017Z
M2K,2021-07-02T01:27:04.238985Z
MES,2021-07-02T01:26:04.036073Z
MNQ,2021-07-02T01:25:09.855921Z
IWM,2021-06-30T22:39:38.535761Z
SPY,2021-06-30T22:38:38.159306Z
QQQ,2021-06-30T22:37:02.337726Z
ARKX,2021-06-30T22:35:50.336032Z
ARKF,2021-06-30T22:34:44.178962Z
ARKK,2021-06-30T22:33:38.459799Z
M2K,2021-06-30T22:32:08.497152Z
MES,2021-06-30T22:31:14.201489Z
MNQ,2021-06-30T22:30:34.727265Z
IWM,2021-06-29T21:30:21.959899Z
SPY,2021-06-29T21:28:57.614016Z
QQQ,2021-06-29T21:27:45.857132Z
ARKX,2021-06-29T21:26:39.834930Z
ARKF,2021-06-29T21:25:33.626150Z
ARKK,2021-06-29T21:24:21.916385Z
M2K,2021-06-29T21:22:58.006776Z
MES,2021-06-29T21:22:03.655233Z
MNQ,2021-06-29T21:21:30.142015Z
IWM,2021-06-28T23:24:07.920980Z
SPY,2021-06-28T23:22:55.814030Z
QQQ,2021-06-28T23:21:50.012794Z
ARKX,2021-06-28T23:20:13.915856Z
ARKF,2021-06-28T23:19:01.782800Z
ARKK,2021-06-28T23:17:50.293509Z
M2K,2021-06-28T23:16:38.076631Z
MES,2021-06-28T23:15:37.766871Z
MNQ,2021-06-28T23:14:46.377565Z
IWM,2021-06-25T21:32:29.599584Z
SPY,2021-06-25T21:31:23.574990Z
QQQ,2021-06-25T21:30:11.845089Z
ARKX,2021-06-25T21:29:11.694632Z
ARKF,2021-06-25T21:27:47.277186Z
ARKK,2021-06-25T21:26:29.751886Z
M2K,2021-06-25T21:25:23.757996Z
MES,2021-06-25T21:23:29.701069Z
MNQ,2021-06-25T21:21:36.050980Z
IWM,2021-06-24T21:30:23.058362Z
SPY,2021-06-24T21:28:58.986755Z
QQQ,2021-06-24T21:27:53.163668Z
ARKX,2021-06-24T21:26:46.972402Z
ARKF,2021-06-24T21:25:41.163779Z
ARKK,2021-06-24T21:24:23.232906Z
M2K,2021-06-24T21:22:59.058937Z
MES,2021-06-24T21:22:04.956866Z
MNQ,2021-06-24T21:21:37.223241Z
IWM,2021-06-23T22:36:21.659357Z
SPY,2021-06-23T22:35:21.332400Z
QQQ,2021-06-23T22:33:45.488376Z
ARKX,2021-06-23T22:32:33.310365Z
ARKF,2021-06-23T22:31:27.134609Z
ARKK,2021-06-23T22:30:21.612987Z
M2K,2021-06-23T22:28:51.261661Z
MES,2021-06-23T22:27:57.203408Z
MNQ,2021-06-23T22:27:17.863944Z
IWM,2021-06-22T21:29:48.279325Z
SPY,2021-06-22T21:28:24.444225Z
QQQ,2021-06-22T21:27:18.491322Z
ARKX,2021-06-22T21:26:12.543119Z
ARKF,2021-06-22T21:25:06.215541Z
ARKK,2021-06-22T21:23:48.565201Z
M2K,2021-06-22T21:22:24.655015Z
MES,2021-06-22T21:21:30.305433Z
MNQ,2021-06-22T21:20:42.698352Z
IWM,2021-06-21T21:32:11.575423Z
SPY,2021-06-21T21:30:47.933078Z
QQQ,2021-06-21T21:29:42.124158Z
ARKX,2021-06-21T21:28:35.611322Z
ARKF,2021-06-21T21:27:29.394399Z
ARKK,2021-06-21T21:26:12.155648Z
M2K,2021-06-21T21:24:47.732276Z
MES,2021-06-21T21:23:53.657846Z
MNQ,2021-06-21T21:23:06.063102Z
IWM,2021-06-18T21:32:49.185370Z
SPY,2021-06-18T21:31:43.154330Z
QQQ,2021-06-18T21:30:31.441117Z
ARKX,2021-06-18T21:29:31.209425Z
ARKF,2021-06-18T21:28:06.805425Z
ARKK,2021-06-18T21:26:48.928825Z
M2K,2021-06-18T21:25:43.233312Z
MES,2021-06-18T21:23:49.202437Z
MNQ,2021-06-18T21:21:55.560600Z
IWM,2021-06-17T21:30:21.126964Z
SPY,2021-06-17T21:28:57.130771Z
QQQ,2021-06-17T21:27:51.018623Z
ARKX,2021-06-17T21:26:44.718514Z
ARKF,2021-06-17T21:25:38.664580Z
ARKK,2021-06-17T21:24:21.368293Z
M2K,2021-06-17T21:22:56.903790Z
MES,2021-06-17T21:22:02.849382Z
MNQ,2021-06-17T21:21:35.470539Z
IWM,2021-06-16T23:59:41.927736Z
SPY,2021-06-16T23:58:29.884133Z
QQQ,2021-06-16T23:57:24.152467Z
ARKX,2021-06-16T23:55:47.812954Z
ARKF,2021-06-16T23:54:35.748623Z
ARKK,2021-06-16T23:53:24.301119Z
M2K,2021-06-16T23:52:11.863238Z
MES,2021-06-16T23:51:11.829368Z
MNQ,2021-06-16T23:50:12.208814Z
IWM,2021-06-15T21:29:47.698678Z
SPY,2021-06-15T21:28:23.994596Z
QQQ,2021-06-15T21:27:17.705963Z
ARKX,2021-06-15T21:26:11.425635Z
ARKF,2021-06-15T21:25:05.653863Z
ARKK,2021-06-15T21:23:47.779087Z
M2K,2021-06-15T21:22:23.767739Z
MES,2021-06-15T21:21:29.707012Z
MNQ,2021-06-15T21:20:47.214982Z
IWM,2021-06-15T21:17:13.915467Z
SPY,2021-06-15T21:16:13.730808Z
QQQ,2021-06-15T21:14:43.809868Z
ARKX,2021-06-15T21:13:31.634629Z
ARKF,2021-06-15T21:12:19.756851Z
ARKK,2021-06-15T21:11:13.863726Z
M2K,2021-06-15T21:10:13.773108Z
MES,2021-06-15T21:09:13.849929Z
MNQ,2021-06-15T21:08:14.088548Z
IWM,2021-06-14T23:48:34.968851Z
SPY,2021-06-14T23:47:22.891542Z
QQQ,2021-06-14T23:46:17.410614Z
ARKX,2021-06-14T23:44:40.798091Z
ARKF,2021-06-14T23:43:28.737705Z
ARKK,2021-06-14T23:42:17.265637Z
M2K,2021-06-14T23:41:04.858477Z
MES,2021-06-14T23:40:05.143988Z
MNQ,2021-06-14T23:39:05.247088Z
IWM,2021-06-11T21:32:29.996277Z
SPY,2021-06-11T21:31:23.894694Z
QQQ,2021-06-11T21:30:12.335598Z
ARKX,2021-06-11T21:29:11.948850Z
ARKF,2021-06-11T21:27:47.576627Z
ARKK,2021-06-11T21:26:29.980267Z
M2K,2021-06-11T21:25:24.345190Z
MES,2021-06-11T21:23:30.302302Z
MNQ,2021-06-11T21:21:36.326613Z
IWM,2021-06-10T21:29:48.251963Z
SPY,2021-06-10T21:28:24.240965Z
QQQ,2021-06-10T21:27:18.702903Z
ARKX,2021-06-10T21:26:12.020004Z
ARKF,2021-06-10T21:25:05.933281Z
ARKK,2021-06-10T21:23:48.573841Z
M2K,2021-06-10T21:22:24.559760Z
MES,2021-06-10T21:21:30.163101Z
MNQ,2021-06-10T21:20:50.052615Z
IWM,2021-06-09T21:29:47.837259Z
SPY,2021-06-09T21:28:23.879368Z
QQQ,2021-06-09T21:27:18.044586Z
ARKX,2021-06-09T21:26:12.064332Z
ARKF,2021-06-09T21:25:05.730566Z
ARKK,2021-06-09T21:23:47.967887Z
M2K,2021-06-09T21:22:23.923527Z
MES,2021-06-09T21:21:29.832483Z
MNQ,2021-06-09T21:20:42.192662Z
IWM,2021-06-09T05:00:35.139986Z
SPY,2021-06-09T04:59:46.699718Z
QQQ,2021-06-09T04:59:16.824917Z
ARKX,2021-06-09T04:58:34.976195Z
ARKF,2021-06-09T04:57:52.593456Z
ARKK,2021-06-09T04:57:34.685899Z
M2K,2021-06-09T04:56:41.337767Z
MES,2021-06-09T04:55:35.295429Z
MNQ,2021-06-09T04:55:07.856716Z
IWM,2021-06-07T22:04:09.056124Z
SPY,2021-06-07T22:02:32.970427Z
QQQ,2021-06-07T22:01:21.221594Z
ARKX,2021-06-07T22:00:15.271918Z
ARKF,2021-06-07T21:59:08.919326Z
ARKK,2021-06-07T21:57:51.403314Z
M2K,2021-06-07T21:56:27.221408Z
MES,2021-06-07T21:55:33.220126Z
MNQ,2021-06-07T21:55:05.748916Z
IWM,2021-06-04T21:55:08.602990Z
SPY,2021-06-04T21:53:56.648018Z
QQQ,2021-06-04T21:52:50.812989Z
ARKX,2021-06-04T21:51:44.745643Z
ARKF,2021-06-04T21:50:32.697627Z
ARKK,2021-06-04T21:49:09.273756Z
M2K,2021-06-04T21:47:57.100136Z
MES,2021-06-04T21:46:03.060373Z
MNQ,2021-06-04T21:44:03.279391Z
IWM,2021-06-03T23:57:00.439336Z
SPY,2021-06-03T23:55:48.496874Z
QQQ,2021-06-03T23:54:42.660127Z
ARKX,2021-06-03T23:53:06.558860Z
ARKF,2021-06-03T23:51:54.343792Z
ARKK,2021-06-03T23:50:43.249441Z
M2K,2021-06-03T23:49:30.445114Z
MES,2021-06-03T23:48:30.420507Z
MNQ,2021-06-03T23:47:30.758367Z
IWM,2021-06-03T01:29:53.804093Z
SPY,2021-06-03T01:29:05.753865Z
QQQ,2021-06-03T01:28:23.820756Z
ARKX,2021-06-03T01:27:53.863349Z
ARKF,2021-06-03T01:27:05.548097Z
ARKK,2021-06-03T01:26:29.936852Z
M2K,2021-06-03T01:25:54.545257Z
MES,2021-06-03T01:24:54.158052Z
MNQ,2021-06-03T01:23:58.948689Z
IWM,2021-06-02T03:55:12.437953Z
SPY,2021-06-02T03:54:24.443327Z
QQQ,2021-06-02T03:54:06.630162Z
ARKX,2021-06-02T03:53:12.603005Z
ARKF,2021-06-02T03:52:24.341330Z
ARKK,2021-06-02T03:52:06.720653Z
M2K,2021-06-02T03:51:12.976523Z
MES,2021-06-02T03:50:07.014271Z
MNQ,2021-06-02T03:49:07.278379Z
IWM,2021-05-31T22:00:35.517093Z
SPY,2021-05-31T21:59:05.322168Z
QQQ,2021-05-31T21:57:47.607673Z
ARKX,2021-05-31T21:56:35.516421Z
ARKF,2021-05-31T21:55:11.329801Z
ARKK,2021-05-31T21:53:47.646429Z
M2K,2021-05-31T21:52:35.931573Z
MES,2021-05-31T21:51:47.587282Z
MNQ,2021-05-31T21:50:53.713738Z
IWM,2021-05-29T02:56:34.342203Z
SPY,2021-05-29T02:55:28.336363Z
QQQ,2021-05-29T02:53:52.023562Z
ARKX,2021-05-29T02:52:34.263952Z
ARKF,2021-05-29T02:51:27.981813Z
ARKK,2021-05-29T02:49:52.409277Z
M2K,2021-05-29T02:48:40.316410Z
MES,2021-05-29T02:46:46.303214Z
MNQ,2021-05-29T02:44:52.762764Z
IWM,2021-05-27T23:27:34.799045Z
SPY,2021-05-27T23:26:22.510414Z
QQQ,2021-05-27T23:25:16.787244Z
ARKX,2021-05-27T23:23:40.582014Z
ARKF,2021-05-27T23:22:28.558228Z
ARKK,2021-05-27T23:21:17.203008Z
M2K,2021-05-27T23:20:04.779601Z
MES,2021-05-27T23:19:04.403947Z
MNQ,2021-05-27T23:18:13.063940Z
IWM,2021-05-26T22:48:05.084097Z
SPY,2021-05-26T22:47:04.818908Z
QQQ,2021-05-26T22:45:28.975936Z
ARKX,2021-05-26T22:44:16.944642Z
ARKF,2021-05-26T22:43:10.607710Z
ARKK,2021-05-26T22:42:05.091878Z
M2K,2021-05-26T22:40:34.802871Z
MES,2021-05-26T22:39:40.782090Z
MNQ,2021-05-26T22:39:01.339796Z
IWM,2021-05-25T22:07:14.187936Z
SPY,2021-05-25T22:05:50.037634Z
QQQ,2021-05-25T22:04:32.508898Z
ARKX,2021-05-25T22:03:20.311344Z
ARKF,2021-05-25T22:02:14.109679Z
ARKK,2021-05-25T22:00:56.421522Z
M2K,2021-05-25T21:59:32.476404Z
MES,2021-05-25T21:58:38.126062Z
MNQ,2021-05-25T21:58:10.653201Z
IWM,2021-05-25T00:36:27.565603Z
SPY,2021-05-25T00:35:46.144332Z
QQQ,2021-05-25T00:35:03.720053Z
ARKX,2021-05-25T00:34:45.842462Z
ARKF,2021-05-25T00:33:51.635559Z
ARKK,2021-05-25T00:33:03.913810Z
M2K,2021-05-25T00:32:45.941963Z
MES,2021-05-25T00:31:46.146678Z
MNQ,2021-05-25T00:30:50.137337Z
IWM,2021-05-21T23:11:02.349746Z
SPY,2021-05-21T23:09:38.199444Z
QQQ,2021-05-21T23:08:14.500565Z
ARKX,2021-05-21T23:07:08.221494Z
ARKF,2021-05-21T23:06:02.104020Z
ARKK,2021-05-21T23:04:26.365673Z
M2K,2021-05-21T23:03:14.688898Z
MES,2021-05-21T23:01:20.648612Z
MNQ,2021-05-21T22:59:27.004418Z
IWM,2021-05-21T01:33:45.369573Z
SPY,2021-05-21T01:32:51.378955Z
QQQ,2021-05-21T01:32:09.553172Z
ARKX,2021-05-21T01:31:45.567840Z
ARKF,2021-05-21T01:30:57.105685Z
ARKK,2021-05-21T01:30:15.605977Z
M2K,2021-05-21T01:29:46.016827Z
MES,2021-05-21T01:28:46.057313Z
MNQ,2021-05-21T01:27:46.113533Z
IWM,2021-05-19T21:41:46.338879Z
SPY,2021-05-19T21:40:22.312176Z
QQQ,2021-05-19T21:39:16.445079Z
ARKX,2021-05-19T21:38:10.290356Z
ARKF,2021-05-19T21:37:04.293497Z
ARKK,2021-05-19T21:35:46.360536Z
M2K,2021-05-19T21:34:22.307078Z
MES,2021-05-19T21:33:28.380524Z
MNQ,2021-05-19T21:33:00.825351Z
IWM,2021-05-18T21:43:31.656703Z
SPY,2021-05-18T21:42:07.808799Z
QQQ,2021-05-18T21:41:01.988191Z
ARKX,2021-05-18T21:39:55.938395Z
ARKF,2021-05-18T21:38:49.839227Z
ARKK,2021-05-18T21:37:32.242837Z
M2K,2021-05-18T21:36:07.741637Z
MES,2021-05-18T21:35:13.674530Z
MNQ,2021-05-18T21:34:46.253047Z
IWM,2021-05-17T21:29:48.699828Z
SPY,2021-05-17T21:28:24.741137Z
QQQ,2021-05-17T21:27:18.898608Z
ARKX,2021-05-17T21:26:12.769695Z
ARKF,2021-05-17T21:25:06.913869Z
ARKK,2021-05-17T21:23:48.980952Z
M2K,2021-05-17T21:22:24.796704Z
MES,2021-05-17T21:21:30.863167Z
MNQ,2021-05-17T21:20:43.852424Z
IWM,2021-05-14T21:32:18.726450Z
SPY,2021-05-14T21:31:12.736604Z
QQQ,2021-05-14T21:30:01.310766Z
ARKX,2021-05-14T21:29:00.901536Z
ARKF,2021-05-14T21:27:36.513400Z
ARKK,2021-05-14T21:26:18.989506Z
M2K,2021-05-14T21:25:13.182893Z
MES,2021-05-14T21:23:19.157934Z
MNQ,2021-05-14T21:21:25.229585Z
IWM,2021-05-13T21:29:53.717484Z
SPY,2021-05-13T21:28:29.712363Z
QQQ,2021-05-13T21:27:24.176662Z
ARKX,2021-05-13T21:26:17.778438Z
ARKF,2021-05-13T21:25:11.764523Z
ARKK,2021-05-13T21:23:53.977483Z
M2K,2021-05-13T21:22:29.920065Z
MES,2021-05-13T21:21:35.738760Z
MNQ,2021-05-13T21:20:47.749498Z
IWM,2021-05-12T21:29:31.607610Z
SPY,2021-05-12T21:28:07.637547Z
QQQ,2021-05-12T21:27:01.808581Z
ARKX,2021-05-12T21:25:55.763229Z
ARKF,2021-05-12T21:24:49.707641Z
ARKK,2021-05-12T21:23:31.905919Z
M2K,2021-05-12T21:22:07.687686Z
MES,2021-05-12T21:21:13.630316Z
MNQ,2021-05-12T21:20:46.144928Z
IWM,2021-05-10T21:29:50.793094Z
SPY,2021-05-10T21:28:26.828910Z
QQQ,2021-05-10T21:27:20.990128Z
ARKX,2021-05-10T21:26:15.125540Z
ARKF,2021-05-10T21:25:08.988351Z
ARKK,2021-05-10T21:23:51.375515Z
M2K,2021-05-10T21:22:26.907268Z
MES,2021-05-10T21:21:33.191931Z
MNQ,2021-05-10T21:21:05.414635Z
IWM,2021-05-07T21:32:31.281398Z
SPY,2021-05-07T21:31:25.264654Z
QQQ,2021-05-07T21:30:13.747991Z
ARKX,2021-05-07T21:29:13.290168Z
ARKF,2021-05-07T21:27:49.344170Z
ARKK,2021-05-07T21:26:31.506897Z
M2K,2021-05-07T21:25:26.053469Z
MES,2021-05-07T21:23:31.729701Z
MNQ,2021-05-07T21:21:38.175055Z
IWM,2021-05-06T21:29:48.505327Z
SPY,2021-05-06T21:28:24.448657Z
QQQ,2021-05-06T21:27:18.605342Z
ARKX,2021-05-06T21:26:12.409342Z
ARKF,2021-05-06T21:25:06.437408Z
ARKK,2021-05-06T21:23:48.806711Z
M2K,2021-05-06T21:22:24.485972Z
MES,2021-05-06T21:21:30.427797Z
MNQ,2021-05-06T21:20:51.711257Z
IWM,2021-05-05T21:29:48.556609Z
SPY,2021-05-05T21:28:24.599948Z
QQQ,2021-05-05T21:27:18.771768Z
ARKX,2021-05-05T21:26:12.519636Z
ARKF,2021-05-05T21:25:06.583863Z
ARKK,2021-05-05T21:23:48.822760Z
M2K,2021-05-05T21:22:24.637599Z
MES,2021-05-05T21:21:30.587567Z
MNQ,2021-05-05T21:20:43.231389Z
IWM,2021-05-04T21:29:48.522254Z
SPY,2021-05-04T21:28:24.837616Z
QQQ,2021-05-04T21:27:18.690761Z
ARKX,2021-05-04T21:26:12.950418Z
ARKF,2021-05-04T21:25:06.884708Z
ARKK,2021-05-04T21:23:49.092743Z
M2K,2021-05-04T21:22:24.596575Z
MES,2021-05-04T21:21:30.854641Z
MNQ,2021-05-04T21:20:42.857082Z
IWM,2021-05-04T03:41:09.197845Z
SPY,2021-05-04T03:40:21.147067Z
QQQ,2021-05-04T03:39:39.632799Z
ARKX,2021-05-04T03:39:09.856503Z
ARKF,2021-05-04T03:38:21.134644Z
ARKK,2021-05-04T03:37:51.742551Z
M2K,2021-05-04T03:37:10.074542Z
MES,2021-05-04T03:36:09.719101Z
MNQ,2021-05-04T03:35:39.769136Z
IWM,2021-05-01T00:09:09.792643Z
SPY,2021-05-01T00:08:03.886527Z
QQQ,2021-05-01T00:06:27.996390Z
ARKX,2021-05-01T00:05:09.796242Z
ARKF,2021-05-01T00:04:04.055425Z
ARKK,2021-05-01T00:02:28.062594Z
M2K,2021-05-01T00:01:16.174813Z
MES,2021-04-30T23:59:22.403079Z
MNQ,2021-04-30T23:57:28.178617Z
IWM,2021-04-30T21:32:57.168008Z
SPY,2021-04-30T21:31:51.046300Z
QQQ,2021-04-30T21:30:39.891321Z
ARKX,2021-04-30T21:29:39.545261Z
ARKF,2021-04-30T21:28:16.442057Z
ARKK,2021-04-30T21:26:57.578307Z
M2K,2021-04-30T21:25:51.543801Z
MES,2021-04-30T21:23:59.065709Z
MNQ,2021-04-30T21:22:03.859347Z
IWM,2021-04-29T21:57:53.124509Z
SPY,2021-04-29T21:56:23.243351Z
QQQ,2021-04-29T21:55:17.285639Z
ARKX,2021-04-29T21:54:11.214483Z
ARKF,2021-04-29T21:53:05.153778Z
ARKK,2021-04-29T21:51:49.002124Z
M2K,2021-04-29T21:50:23.249494Z
MES,2021-04-29T21:49:29.232390Z
MNQ,2021-04-29T21:48:41.221319Z
IWM,2021-04-29T21:34:54.468994Z
SPY,2021-04-29T21:33:30.503241Z
QQQ,2021-04-29T21:32:24.651644Z
ARKX,2021-04-29T21:31:18.629358Z
ARKF,2021-04-29T21:30:13.316154Z
ARKK,2021-04-29T21:28:55.032696Z
M2K,2021-04-29T21:27:30.519425Z
MES,2021-04-29T21:26:36.470450Z
MNQ,2021-04-29T21:25:54.007006Z
IWM,2021-04-28T22:23:31.878345Z
SPY,2021-04-28T22:22:13.812614Z
QQQ,2021-04-28T22:20:50.012765Z
ARKX,2021-04-28T22:19:38.014612Z
ARKF,2021-04-28T22:18:32.098575Z
ARKK,2021-04-28T22:17:20.140186Z
M2K,2021-04-28T22:15:49.850675Z
MES,2021-04-28T22:14:55.929857Z
MNQ,2021-04-28T22:14:08.200197Z
IWM,2021-04-28T02:38:37.614221Z
SPY,2021-04-28T02:37:49.433308Z
QQQ,2021-04-28T02:37:19.419278Z
ARKX,2021-04-28T02:36:37.639800Z
ARKF,2021-04-28T02:35:55.391317Z
ARKK,2021-04-28T02:35:37.335216Z
M2K,2021-04-28T02:34:43.723512Z
MES,2021-04-28T02:33:38.138691Z
MNQ,2021-04-28T02:32:38.156831Z
